externalId	origin	city	title	noc	nocTitle	status	note	body	candidates
https://jobs.lever.co/magnetforensics/465fb92b-a66f-4de8-9cd9-9f0f91da698e	ats	Ottawa	Product Management Lead			fail	abstain	Who We Are; What We Do; Where We’re Going Magnet Forensics is a global leader in the development of digital investigative software that acquires, analyzes, and shares evidence from computers, smartphones, tablets, and IoT-related devices. We are continually innovating so our customers can deploy advanced and effective tools to protect their companies, communities, and countries. Serving thousands of customers globally, our solutions are playing a crucial role in modernizing digital investigation	92013 21322 41310 21211 92021 22302 21222 21234 94104 21231 12112 22312 21310 21232 20012 51112 32120 94201 21321 43204
https://bb.wd3.myworkdayjobs.com/BlackBerry/job/Ottawa-Ontario/QNX-Senior-Security-Researcher_20260231-1	ats	Ottawa	QNX Senior Security Researcher	21220	Cybersecurity specialists	ok		Worker Sub-Type: Regular Job Description: QNX enhances the human experience and amplifies technology-driven industries, providing a trusted foundation for software-defined businesses to thrive. The business leads the way in delivering safe and secure operating systems, hypervisors, middleware, solutions, and development tools, along with support and services delivered by trusted embedded software experts. With a focus on reducing hardware dependency and increasing efficiency, QNX empowers organi	21231 21220 21222 21211 22222 21221 21234 21230 00015 82020 51112 22221 21311 92021 00012 64410 21232 12104 22213 42102
https://ranovus.bamboohr.com/careers/72	ats	Ottawa	Senior Application Engineer / Senior Field Application Engineer	21399	Other professional engineers	ok		Job Title: Senior Application Engineer / Senior Field Application Engineer Location: Ottawa, ON Reports To: Senior Manager, Product Management About Us: Ranovus is a semiconductor company with global operations helping power the data behind next generation AI and data center networks. We design and build advanced hardware that moves massive amounts of information quickly and efficiently between computer systems in data centers around the world. Our technology improves performance while reducing 	21231 00015 22222 72405 21201 21230 21232 00011 00012 21399 43204 22214 92100 00014 21310 92021 72429 22213 72301 21390
https://solace.bamboohr.com/careers/783	ats	Ottawa	Product Operations Lead (8-10 month Contract)			fail	abstain	Enterprise AI is moving from pilots to production, and the constraint is no longer the model — it's the data. Agents are only as good as what they can sense, trust, and act on in the moment, and real-time, event-driven data is becoming the foundation every serious AI system runs on. Solace is the leading real-time data platform for the enterprise AI era. Established enterprises worldwide — including RBC Capital Markets, Bosch, Heineken, PSA Singapore, United Airlines, Schwarz Group, and hundreds	14402 13201 12102 00015 20012 43204 60010 21221 21231 10012 70012 12013 00012 21211 64311 94140 14403 41402 90010 21222
https://ranovus.bamboohr.com/careers/76	ats	Ottawa	System Architect Verification Engineer	21310	Electrical and electronics engineers	ok		stem Architect Verification Engineer Ottawa, ON, Canada | Full-Time | Ranovus ABOUT RANOVUS Ranovus is a fabless semiconductor company headquartered in Ottawa, Canada, developing next-generation co-packaged optics (CPO) solutions for AI and data center interconnects. Our Odin optical engine integrates a Quantum Dot Multi-Wavelength Laser, Photonic Integrated Circuit (PIC), and ASIC into a single co-packaged module – delivering the performance and density required by hyperscale AI infrastructure.	21231 22222 42102 43204 22210 92021 21311 21222 21220 72202 21230 22212 22231 21310 94201 22214 92023 22302 22300 72301
careerbeacon:2237409	careerbeacon	Lantz	Ice Technicians - Hiring for the Winter season at the East Hants Sportsplex	75119	Other trades helpers and labourers	ok		Are you open to learning how to operate a Zamboni and maintain ice surfaces? Do you like being part of a busy events-focused community facility? Do you have some availability to work flexible hours in the fall and winter months, including evenings and weekends? If this sounds like you, apply to work as an Ice Technician this fall/winter season at the East Hants Sportsplex! Previous experience working in an arena environment, operating a Zamboni, or working with an ice plant is an asset, but not 	53200 22312 22214 72402 73200 72302 72105 75119 22301 42102 72420 72423 72201 72422 72301 72020 95100 22311 32129 32104
careerbeacon:2238040	careerbeacon	Halifax	Shift Engineer	92100	Power engineers and power systems operators	ok		THE ORGANIZATION: At Events East Group, we proudly manage and operate the Halifax Convention Centre, Scotiabank Centre and Scotiabank Centre Box Office. Our people and our community make us the favoured event destination for our guests. Whether we're attracting large delegations or hosting an elite group of athletes for an international competition, we are a catalyst for new opportunities and connections between Nova Scotia and the world. THE POSITION: Events East Group is now inviting applicati	22301 72402 92100 72422 21301 21310 72603 72420 43204 12103 21321 20012 72020 22310 72405 21300 72406 75119 62021 42102
careerbeacon:2235133	careerbeacon	Charlottetown	Office Furniture Technician	73200	Residential and commercial installers and servicers	ok		Atlantic Business Interiors (ABI) , the authorized Steelcase dealer for Atlantic Canada, is a leading supplier for office furniture and technology. ABI is passionate about helping our clients create flexible and innovative workplace environments that support the many ways organizations do business. We offer in-house service teams to provide a full range of facility management services to help transform business environments into more effective workplaces. We are growing and expanding our Install	94210 92022 63221 62100 22112 72405 72104 22311 72013 73200 94219 32109 64101 52121 75119 22210 12200 14401 65210 72411
careerbeacon:2239832	careerbeacon	Amherst	Seasonal Sales Consultant, Amherst Centre Mall	64100	Retail salespersons and visual merchandisers	ok		Req Id: 432662 Connection is everything. It drives us to innovate, explore, and stay close to what matters to us most. At Bell, we're building a more connected future through world-class networks, AI-powered solutions, and digital experiences that elevate how people live, work, and play every day. We believe in empowering people. That's why we equip our teams with cutting-edge technology, AI tools, and a collaborative environment that supports creativity and growth. Want to be part of a diverse 	62100 64100 64409 64101 62023 64310 62101 63101 65109 21221 60010 14102 22221 62010 41320 11103 64201 62022 41301 60020
careerbeacon:2237306	careerbeacon		Resident Relations Coordinator	13101	Property administrators	ok		Type of Employment: Contract with potential for extension and/or expansion (end date: March 31, 2027), Part-time (50%) ***Please note: If you are interested in both the Resident Relations Coordinator and the Property Manager roles, with the qualifications for both, please indicate on your application your interest in both. Work Location: Mainland Nova Scotia (Applications from candidates living within the Halifax Regional Municipality and Amherst are warmly welcomed.) (Hybrid work environment) A	13101 70011 70012 12101 10011 60031 11200 63101 40030 31300 62022 70021 10020 40019 21202 14101 41407 42201 12012 82021
gcjobs:2393494	gcjobs		9-1-1 Police Dispatcher Trainee (Per annum, plus applicable allowances.)	14404	Dispatchers	ok		Language requirements: English essential 9-1-1 Police Dispatchers - Application process Choosing a career as a 9-1-1 Police Dispatcher may be one of the most rewarding decisions you will make. The position offers many opportunities to make a positive difference in the lives of others. We are committed to providing an inclusive and barrier-free work environment, starting with the application process. If you need to be accommodated during any phase of the evaluation process, please contact the 9-1	14404 41310 42100 41321 40040 41311 32102 14101 12101 41407 44200 64401 74101 64322 42201 42203 43200 75201 53200 72300
gcjobs:2448060	gcjobs		Project Assistant (Indigenous Youth Employment Opportunity)			fail	abstain	Language requirements: Bilingual - non-imperative Are you an Indigenous student in an administrative support, construction, environmental science, real property management, engineering, data sciences, or project management program? Does the idea of supporting projects for clients in the Canadian Armed Forces and the Department of National Defence excite you? Defence Construction Canada (DCC) invites you to consider joining our team. DCC is a dynamic and fast-paced Crown corporation. Our clients 	41321 21220 44200 41407 42201 43204 41320 21300 22300 52121 42102 42203 22210 12102 21200 22302 21320 22211 21203 41210
gcjobs:2453012	gcjobs	Lethbridge	Microbial Ecology Master’s Student - Research Affiliate Program	21110	Biologists and related scientists	ok		Language requirements: English essential Who can apply: Persons residing in Canada, Canadian citizens, and Permanent residents abroad. About the position Duties The student will explore parameters associated with irrigated and non-irrigated croplands including: soil microbial community composition and diversity, soil organic carbon, soil microbial respiration, plant-available nitrogen, and orthophosphate concentrations. This project will create a framework of parameters which will be shared with	41201 21110 41200 41400 41403 21101 41405 42203 41401 21112 62101 22110 21231 64101 40012 21232 43100 41402 21211 41320
gcjobs:2451303	gcjobs		Specialist, IT Security Risk Management	21220	Cybersecurity specialists	ok		Language requirements: English essential	21220 21222 21221 20012 12112 22222 10020 10011 11201 00012 10029 12111 51112 51114 21230 12202 12101 10021 62100 00014
gcjobs:2430818	gcjobs	Toronto	Surveys Coordinator	21203	Land surveyors	ok		Language requirements: English essential Level: EN-SUR-04 Who can apply: Persons residing in Canada, and Canadian citizens and Permanent residents abroad. About the position Work environment 𝗪𝗲 𝗮𝗿𝗲 𝗢𝗻𝗲 𝗣𝗦𝗣𝗖! Public Services and Procurement Canada (PSPC) helps the Government of Canada serve Canadians. With a strong focus on quality customer service, we provide innovative common services such as real estate and building management, purchasing, banking, pay and pensions, and translation to other go	14110 21203 12012 70021 41407 41321 11200 41310 12113 14102 12101 42201 41300 12102 40019 40040 12013 31300 13100 22303
hireac:CC-350750	hireac	Vancouver	neXup Coordinator			fail	abstain	The nexUp Coordinator (NC) position involves coordination of the neXup Youth Team and their initiatives and groups, provincial relational community work, and local donor/sponsor acquisition in support of the DUDES Club Society?s (DCS) youth strategy. The work includes building rapport with current youth and supporting outreach, coordinating outings and community events, and integrating cultural wellness activities and knowledge. The role is also responsible for developing and supporting clubs an	31300 12013 92023 13201 42203 72024 10030 54100 92015 20012 92020 92022 40030 14405 12103 41405 92012 92013 21220 92011
hireac:CC-354092	hireac	Toronto	Sales Development Representative	64101	Sales and account representatives - wholesale trade (non-technical)	ok		About us: We exist to modernize the way that vendors and property managers work together. We do this by building a complete vendor lifecycle management solution, purpose-built for the world of commercial real estate. Today, over 15,000 buildings and 100,000 vendors rely on VendorPM for credentialing, tendering, and contract management. We drive serious efficiency and cost savings for property managers, while unlocking growth opportunities for vendors across North America.We?re one of Toronto?s f	64101 62100 65109 41402 64100 63101 60010 41321 10022 63102 11202 00012 21234 10012 62010 60020 12102 60031 21232 13101
hireac:CC-327844	hireac	Winnipeg	Sales and Design Representative	64101	Sales and account representatives - wholesale trade (non-technical)	ok		MANITOBA MÉTIS FEDERATION SALES AND DESIGN REPRESENTATIVE July 2, 2026 Posting #26-27-002 The Manitoba Métis Federation (MMF) is the democratically elected National Government of the Red River Métis, also known as the Manitoba Métis. The Red River Métis are a distinct Indigenous Nation and People, and Canada's Negotiating Partners in Confederation and the Founders of the Province of Manitoba. Rapid City Memorials (RCM) is a locally operated provider of memorial products and services, dedicated t	64101 62100 64100 65109 63102 63101 64409 62010 62101 52121 62023 11202 60020 60010 52120 64400 14301 64313 64401 64201
hireac:CC-340556	hireac	Atikokan	Scaling & Quality Coordinator	94123	Lumber graders and other wood processing inspectors and graders	ok		Position Overview Domtar is currently seeking a Scaling & Quality Coordinator (Contract) to join our Wood Products operations at the Atikokan Sawmill in Sapawe, Ontario. This role is an integral part of our woodlands team, which is responsible for ensuring a consistent and high-quality fiber supply to the facility. Reporting to the Quality & Scaling Supervisor, the Scaling & Quality Coordinator will be responsible for the accurate measurement and reporting of log quality and volumes delivered to	94123 13201 14402 92014 94133 94120 94211 12102 83110 70021 84110 22303 82010 14403 82021 94104 12013 72013 72021 94121
hireac:CC-353506	hireac	Toronto	Independent Living Assistant - Relief	44101	Home support workers, caregivers and related occupations	ok		Under the supervision of the Site Manager and under the direction of clients, the Independent Living Assistant (ILA) assist adults who have physical disabilities with activities of daily living by performing personal support services. This includes tasks involved with personal care and hygiene, general housekeeping, and meal preparation to support independent living, dignity and choice of lifestyle. Summary of Duties Under the direction of the client, provide personal care assistance including: 	44101 42203 31303 42200 33102 13111 13110 14300 13112 65310 43100 75119 65210 65329 72421 62101 44100 12100 13101 42201
jb:50265681	jobbank		Built Heritage Advisor			fail	abstain	Join Parks Canada's Federal Built Heritage team and play a vital role in protecting some of the country's most significant federally designated historic places. As a Built Heritage Advisor, you will provide expert guidance on the conservation of Canada's built heritage, along with training and interpretation of the Standards and Guidelines for the Conservation of Historic Places in Canada. Your work will directly support the stewardship of a diverse portfolio that includes National Historic Site	21203 21200 22233 41407 22210 21202 21201 64320 40042 64322 22300 22303 21300 40040 51101 70011 21220 21111 22113 51102
jb:50206237	jobbank	Ottawa	Clinical/Forensic Psychologist	31200	Psychologists	ok			31200 41300 31100 41301 31203 31120 41310 41311 32102 42203 14102 22232 31202 31301 41400 32103 31303 41404 42200 12113
jb:50249221	jobbank	Summerland	Phytochemistry Research Technician	22100	Chemical technologists and technicians	ok		Under the direction of a research scientist, the technician will: • Provide leadership and technical support for laboratory-based projects.• Provide leadership in a plant/fruit chemistry research environment; supervise and assign duties to students and other technical staff as required.• Supervise activities in a phytochemistry laboratory, maintain supplies and equipment, and ensure operations meet Health and Safety Standards. • Collect data as per protocols by conducting chemical, physiological	22100 22110 21101 32124 22112 32120 21320 51112 32129 33103 32104 33101 94110 22312 12112 94143 41201 22111 21110 92012
jb:50153280	jobbank	Ottawa	Research Associate, Quantum Metrology (#25260)			fail	abstain		33109 21210 12113 21109 21211 41201 21103 21100 33101 21231 22214 41400 12102 21220 31303 21101 22312 65229 72402 94110
jb:50242802	jobbank	Ottawa	Senior Officer, Accounting	12200	Accounting technicians and bookkeepers	ok			00012 12011 14200 00014 00015 12200 13100 63102 00011 12104 13102 00013 11100 12010 12113 14202 12012 12101 62023 10010
jobboom:3573108	jobboom	Toronto	Freelance Accessibility Specialist			fail	abstain	We're recruiting for a Freelance Accessibility Specialist to conduct a comprehensive ADA/AODA compliance audit for two existing websites. The goal is to evaluate current accessibility standards, identify compliance gaps, and provide clear recommendations for improvement. Project Scope Perform a full accessibility audit of two live websites Evaluate compliance against ADA and AODA standards (WCAG 2.1 AA minimum preferred) Identify accessibility barriers affecting users with disabilities Provide a	21222 42203 22232 21234 21220 21233 21231 21200 31112 13111 22210 13100 51112 21221 32109 21223 22222 21201 11100 31303
jobboom:3335612	jobboom	Rosemère	Advisor - Member and Customer Experience	64400	Customer services representatives - financial institutions	ok		Offre d'emploi : Agent(e)-conseil - Expérience membre et client Tu rêves d’une carrière dans le domaine financier avec de réelles possibilités d’avancement ? Umanico est à la recherche d' Agent(e)s-conseil - Expérience membre et client pour des mandats au sein des Caisses Desjardins , notre partenaire des 38 dernières années. Pourquoi choisir Umanico ? Rejoindre Umanico, c’est s’ouvrir les portes d’une carrière prometteuse ! Chaque année, plus de 50 % de nos employés obtiennent un poste permanen	64101 64400 63102 64312 64310 11102 64409 63100 64313 65229 64201 63101 62023 22221 00012 65200 12104 11103 14301 12100
jobboom:3645251	jobboom	Smiths Falls	Sales Specialist- PRO	64101	Sales and account representatives - wholesale trade (non-technical)	ok		At RONA, our employees let their passion blossom every day. Our teams are driven by the desire to help people bring their projects to life and are committed to making a difference in the communities we serve. We operate or service corporate and affiliated dealer stores. With a distinctive product and service offering and complementary store formats ranging from neighbourhood hardware stores to big box stores, our RONA+, RONA and Dick’s Lumber banners are well equipped to help meet the needs of a	62100 65109 64101 64100 63101 63102 62010 60010 62101 73200 63100 00012 42201 11202 72014 72010 94107 00014 41300 14401
jobboom:3687277	jobboom	Surrey	Lumberyard (Part-Time)	75101	Material handlers	ok		At RONA, our employees let their passion blossom every day. Our teams are driven by the desire to help people bring their projects to life and are committed to making a difference in the communities we serve. We operate or service corporate and affiliated dealer stores. With a distinctive product and service offering and complementary store formats ranging from neighbourhood hardware stores to big box stores, our RONA+, RONA and Dick’s Lumber banners are well equipped to help meet the needs of a	73200 72320 75101 72010 62101 75119 72105 64100 72014 14401 65109 94107 72021 94123 94120 72310 94202 95109 72013 95104
jobboom:3654220	jobboom	Boucherville	Advisor, Digital Customer Experience (Hybrid, Boucherville)			fail	abstain	Please note that: Our Hybrid Workplace Policy establishes that associates need to have a reliable transportation to and from our corporate head office located in Boucherville (Quebec), to come to the office on a regular basis. We require all our head office associates to be proficient in French, spoken and written. 3 days office / 2 days remote At RONA, our employees let their passion blossom every day. Our teams are driven by the desire to help people bring their projects to life and are commit	62023 22221 11202 64201 42203 12012 62022 62101 51110 64310 64409 21234 64320 64101 14301 41321 21233 22212 92021 41320
jobboom:3614529	jobboom	Saint-Hubert	Finance Business Partner - Procurement	10012	Purchasing managers	ok		**Partenaire d’affaires en finance - Approvisionnement - Rive-sud** Notre client est à la recherche d’un(e) Partenaire d’affaires en finance – Approvisionnement pour se joindre à son équipe. Le rôle inclut l’encadrement d’une petite équipe, le soutien à la prise de décision, l’analyse des coûts et de la performance, ainsi que la modélisation de scénarios et l’identification d’optimisations. Vous contribuerez aussi à l’amélioration des processus et à la fiabilité des données. Profil recherché : C	12102 62101 14403 10012 63102 11102 33103 12203 64101 12100 41402 12011 21221 12101 11101 14401 92012 13110 12113 11109
jobboom:3682694	jobboom	Saint-Laurent	Line Worker Specialist	95106	Labourers in food and beverage processing	ok		Poste : ouvrier(ère) de ligne - production manufacturière Lieu de travail : St-Laurent Notre agence de recrutement est actuellement à la recherche d'ouvriers(ères) de ligne pour l'un de nos clients, un chef de file mondial dans le secteur des produits de consommation. Votre quotidien En tant que membre de l'équipe de production, vous jouerez un rôle essentiel dans le bon déroulement des opérations en usine : - Alimenter les lignes de production en composantes et matières nécessaires à la fabrica	14402 95104 95109 95105 95102 13201 92013 95106 90010 94121 75101 92012 94112 94131 51112 92015 92011 94143 95100 94107
jobboom:3662746	jobboom	Montréal	Recruitment Team Lead - Supply Chain and Logistics Specialization	12101	Human resources and recruitment officers	ok		Tu es un·e leader naturel·le, reconnu·e pour ton expertise en recrutement et ta capacité à mobiliser une équipe ? Tu souhaites avoir un impact concret en pilotant des mandats stratégiques dans un marché en pénurie, tout en contribuant activement au développement des talents ? Ce poste de Chef·fe d’équipe Recrutement Spécialisation SupplyChain et Logistique est pour toi ! Description de l'annonce Qui sommes-nous ? Fed Group, implanté à Montréal depuis plus de 10 ans, est un cabinet de recrutement	13201 12013 12101 12102 14402 00015 54100 92012 14405 11200 00012 72023 92011 70021 14403 92015 62100 14400 63102 62101
jobboom:3652317	jobboom	Saint-Léonard	Environmental Project Coordinator	21330	Mining engineers	ok		Être chargé.e de projets en environnement pour Le Groupe Gesfor Poirier, Pinchin, c’est vous joindre à une firme de 160 expert.e.s-conseils bien établie dans les domaines de l’hygiène industrielle, de la santé et la sécurité au travail, des sciences du bâtiment et de l’environnement. Le Groupe Gesfor valorise un environnement respectueux où nos différences individuelles sont reconnues, favorisant un milieu de travail inclusif et une communication positive. Nous misons sur la collaboration et l’a	21120 21331 41400 22232 92011 41405 82031 54100 11200 21202 10011 20011 41321 21330 21201 12103 13201 21320 21111 82010
jobboom:3681488	jobboom	Montréal	Senior Financial Planning & Analysis (FP&A) Analyst – $90K-$105K	11101	Financial and investment analysts	ok		Poste : analyste principal en planification et analyse financières (FP&amp;A) Lieu de travail : Centre-ville de Montréal (mode hybride) Salaire : 90 000 $ à 105 000 $ Rejoignez une entreprise technologique en pleine croissance à la recherche d’un professionnel expérimenté en FP&amp;A pour diriger les activités de prévision, de reporting financier, d’analyse des indicateurs clés de performance (KPI) et de reporting à la direction. Le titulaire de ce poste travaillera en étroite collaboration avec	11101 11100 11102 13102 10010 00012 12102 12011 00015 63102 11109 00014 41406 21222 41401 21220 00011 41403 21201 11200
jobboom:3679431	jobboom	Bois-des-Filion	Electromechanic TAG 1	72422	Electrical mechanics	ok		Effectuer l’entretien préventif et correctif des équipements de production; Diagnostiquer et résoudre les problèmes mécaniques, électriques, pneumatiques et hydrauliques; Effectuer les réparations et les ajustements nécessaires afin d’assurer le bon fonctionnement des équipements; Participer à l’installation, à la modification et à la mise en service des équipements; Lire et interpréter des plans, schémas électriques et documents techniques; Respecter les normes de santé et sécurité en vigueur; 	72201 72422 22311 22312 21301 21310 22301 21321 22310 72200 73200 22302 22313 92021 94204 72421 20010 51112 72429 42102
jobboom:3686648	jobboom	Saint-Laurent	Civil Engineering Project Assistant	22300	Civil engineering technologists and technicians	ok		Tu veux bouger, être sur le terrain et voir tes projets se concrétiser pour vrai? Chez Construction NRC, tu fais plus que suivre des plans : tu participes à des projets en génie civil, du début à la fin. Entreprise familiale québécoise depuis 48 ans, on avance avec une équipe solide, directe et impliquée. Ton rôle Tu es impliqué du début à la fin des projets, autant sur le chantier que dans le suivi : · Lire et appliquer les plans et devis, vérifier la qualité des travaux et la conformité · Coor	21300 22300 21331 70010 22303 21200 22210 70011 21399 72200 21201 75110 20011 22233 20010 21320 92100 12100 22302 21301
jobboom:3661147	jobboom	Calgary	Accounts Receivable Analyst	14200	Accounting and related clerks	ok		Our client is looking for an Accounts Receivable Analyst to join their team in Calgary , Alberta on a contract basis. This role focuses on business-to-business collections, credit analysis, and maintaining healthy customer accounts while supporting a high-volume receivables portfolio. Responsibilities: Contact customers by phone and email to collect outstanding balances and resolve payment issues. Monitor customer accounts, assess credit risk, and review payment trends. Process credit card payme	14200 11100 64101 13102 14202 12011 63102 62101 14403 21220 64400 14301 12203 14201 60010 12102 12104 14400 11102 14101
jobboom:3687283	jobboom	Boucherville	Advisor - Analyst, Logistics Strategy and Optimization (Hybrid - Boucherville)	13201	Production and transportation logistics coordinators	ok		Our Hybrid Workplace Policy establishes that associates need to have a reliable transportation to and from our corporate head office located in Boucherville (Quebec), to come to the office on a regular basis. We require all our head office associates to be proficient in French, spoken and written. 3 days office / 2 days remote At RONA, our employees let their passion blossom every day. Our teams are driven by the desire to help people bring their projects to life and are committed to making a di	41400 12102 12013 12203 21221 13201 41402 62101 11200 92023 60020 14405 92012 62022 72024 12113 42203 75101 21112 14402
jobboom:3684597	jobboom	Greenfield Park	Branch Advisor – Part-Time (Limited Availability) - Greenfield Park (2)			fail	abstain	Succursale : 1100 Avenue Auguste, Longueuil, Quebec, Canada, J4V3R4 EN-Description du poste: À ce poste, vous veillez à accueillir, conseiller et servir la clientèle. Vous avez la responsabilité d’offrir une information appropriée et de qualité, présentée de manière à répondre adéquatement au besoin de la clientèle, et ce, dans le cadre de la mission sociale qui est confiée à la Société québécoise du cannabis (SQDC). À titre d’employé(e) à temps partiel à disponibilité restreinte, vous devez off	33103 42201 64101 42203 41321 13102 82031 85103 21112 31303 31120 41101 82021 62023 32101 32124 64301 21220 40030 11202
jobillico:17517021	jobillico	Lingwick	Fish Farming Assistant / Fish Farming Assistant	85102	Aquaculture and marine harvest labourers	ok		Fondée en 2023, Pisciculture LGW est une petite entreprise familiale spécialisée dans l’élevage d’omble de fontaine (truite mouchetée). Avec une production annuelle de près de 20 tonnes de poissons, nous avons à cœur d’offrir des poissons de qualité tout en plaçant le bien-être animal et le respect de l’environnement au centre de nos pratiques. Nous sommes à la recherche d’un(e) aide-pisciculteur(trice) pour se joindre à notre équipe et participer au quotidien à l’élevage et aux soins de nos poi	85102 83120 83121 94142 84121 80022 95107 22111 22113 65202 82030 65220 85100 84120 33103 21112 31303 85101 22110 85120
jobillico:8109244	jobillico	Laval	Associé des ventes - carrefour laval (permanent)			fail	off-list code	The Childrens Place (Place)has always been, and continues to be committed to providing equal employment opportunities to all of its associates and applicants for employment. It is therefore the policy of The Childrens Place to hire, train and promotes all of its associates and to administer all other personnel policies regardless of age, sex, disability, race, ethnic origin, citizenship, creed, sexual orientation, marital status or any other ground as described in the Ontario Human Rights Code. 	42203 41321 42201 64101 14102 11200 41403 42202 41300 40030 44100 12101 65109 31303 31203 42100 41404 22232 62100 41407
jobillico:17491092	jobillico	Québec	Proofreader Specialist in English	51110	Editors	ok		Emploi occasionnel d’une durée de 9 mois 1050, rue des Parlementaires, à Québec Mode hybride (télétravail et présentiel) Date d’entrée en fonction : octobre 2026 L’Assemblée nationale du Québec compte plus de 700 personnes qui appuient les 127 parlementaires dans leurs fonctions et font rayonner la vie citoyenne. Travailler pour notre institution, c’est œuvrer pour la société québécoise. Parlementarisme, histoire, culture, architecture, protection civile, communications, savoirs culinaires, prod	41407 41101 14301 51114 00010 12110 40042 42200 94202 42102 41310 12100 51110 43204 42203 21220 13102 41311 14110 40040
jobillico:17420769	jobillico	Cambridge	Driver safety administrator - challenger (cambridge)			fail	abstain	Challenger Motor Freight is an equal opportunity employer committed to creating a diverse, inclusive, and accessible workplace. We welcome applications from women, visible minorities, Indigenous peoples, persons with disabilities, and all qualified individuals. If you require an accommodation at any stage of the recruitment process, please contact us at accessibility@challenger.com and we will work with you to meet your needs. Challenger, part of the Fastfrate Group, is a leading North American 	41321 75201 14404 73300 62022 14405 42203 72024 74203 75200 12013 72021 75101 14400 00015 42201 41300 92011 72406 12011
jobillico:15017825	jobillico	Dorval	Passenger service agent	64312	Airline ticket and service agents	ok		YOUR ROLE As Passenger Services Agent, you are the first contact with our customers. You will, among other things, issue tickets, prepare boarding passes, check luggage and work at boarding gates. You will provide customer services related to various enquiries regarding rates, look for lost luggage, help passengers requiring assistance, order meals and all other requests in order to ensure that our customers have the most enjoyable experience possible.	64312 64311 64313 64310 65210 64400 64314 14101 65101 60031 64409 62022 62023 74202 63100 64401 63102 33102 72601 65229
jobillico:17524884	jobillico	Saint-Germain-de-Grantham	Responsable erp / gestionnaire erp	20012	Computer and information systems managers	ok		Et si tu changeais d’air ? Chez Annexair, tu contribueras à la fabrication de systèmes HVAC sur mesure destinés à certains des plus grands joueurs au monde : Marriott, Facebook et même Universal Studio. Chaque projet est unique. Chaque journée a un impact. En plus, ton travail contribue à des solutions plus écoénergétiques et plus durables. Arrête de chercher, la suite commence ici! Ce qu'on t'offre Cafétéria hors du commun 2 semaines de fermeture durant l’été & pendant la période des fêtes Assu	20012 20010 21310 00015 62021 10011 92100 90011 00014 60031 21234 70012 00012 73200 13101 21231 12104 21390 21232 41400
jobillico:323773	jobillico	Saint-François-de-la-Rivière-du-Sud	Manufacturing Process Technician	22301	Mechanical engineering technologists and technicians	ok		Rédiger les fiches techniques de fabrication à partir des dessins techniques et des données d’estimation Vérifier et valider les procédés établis en fonction de la capacité des équipements, des ressources disponibles et du matériel en inventaire Valider l’exactitude des dessins de production en conformité avec les procédés de fabrication établis Proposer des améliorations visant l’optimisation des méthodes et de la performance de production Préparer, imprimer et assembler les dossiers de product	51112 22302 22301 14402 32124 12112 21321 90010 22222 22312 72100 12200 22210 22212 21320 21322 13201 22211 21301 21230
jobillico:17469816	jobillico	Montreal	Senior transformation advisor	10021	Banking, credit and other investment managers	ok		A career as a Senior Transformation Advisor in the Technology and Operations - Commercial Banking sector at National Bank, in the Cash Management team, means acting as a catalyst for change by putting human, technological and organizational drivers into action as required for the success of large-scale transformations. You play a strategic role in evolving business processes, acting across sectors to improve the client and employee experience from end to end. Navigating complex environments and 	00012 00014 00015 10021 62023 60010 00011 63102 62100 00013 11102 22210 64400 41301 64101 20012 22212 40011 10030 22221
jobillico:17389902	jobillico	Montreal	Agent(e) junior de la chaîne d'approvisionnement /junior supply chain officer	12013	Supervisors, supply chain, tracking and scheduling coordination occupations	ok		At Capgemini Engineering, the world leader in engineering services, we bring together a global team of engineers, scientists, and architects to help the world’s most innovative companies unleash their potential. From autonomous cars to life-saving robots, our digital and software technology experts think outside the box as they provide unique R&D and engineering services across all industries. Join us for a career full of opportunities. Where you can make a difference. Where no two days are the 	12102 42102 13201 21220 12013 14402 14403 43204 92100 92023 94219 21321 64312 62101 22302 21310 75201 72202 21320 00015
jobillico:17485044	jobillico	Québec	Electromechanic - Night	72422	Electrical mechanics	ok		Poste de nuit | 5 jours/semaine | 36,61 $/h | Permanent Chez Boulangerie Dumas , on fabrique croissants, vol-au-vent et pâtes feuilletées…et nous cherchons notre prochain·e électromécanicien · ienne ! Ton horaire 5 jours par semaine de 1h à 9h30 36,61 $/h Possibilité de temps supplémentaire en fonction des besoins Poste permanent Ce que tu feras Intervenir rapidement lors de problèmes techniques en production et assurer l’entretien des machines Participer activement à l’identification et à la ré	72422 22301 21310 21301 22310 72201 72406 22311 72200 63211 72401 72010 72203 22312 73201 92100 72423 72103 75119 72020
jobillico:17403567	jobillico	Scarborough	Senior registered technologist, shared hospital laboratory	32120	Medical laboratory technologists	ok		Job Number: JR106619&#xa;Job Title: Senior Registered Technologist, Shared Hospital Laboratory&#xa;Job Category: Shared Labs&#xa;Hospital Location: Shared Labs&#xa;Job Type: Permanent, Full time&#xa;&#xa;Number of Positions: 1&#xa;Union: SHL&#xa;Minimum - Maximum Hourly Rate: $42.34 - $53.39&#xa;Hours: Days, Afternoons, Evenings, Nights, Weekends, Holidays Shared Hospital Laboratory Inc. (SHL) is an independent corporation owned and operated by Scarborough Health Network, North York General Hosp	32120 32124 32112 33101 32104 32123 32121 32101 22210 22100 12111 21231 22110 13102 22222 84120 22213 22232 31301 00014
jobillico:17256224	jobillico	Magog	Drill Helper	72501	Water well drillers	ok		Rôle et responsabilités: L’aide-foreur assiste le foreur lors des travaux de forage de puits artésiens et de géothermie. Il prépare le matériel nécessaire et contribue au bon déroulement des opérations pendant les travaux. Les travaux se déroulent dans la région de l’Estrie, ce qui vous permet d’être de retour à la maison chaque soir Compétences recherchées : Une expérience en soudure et en mécanique est un atout, mais nous sommes prêts à former une personne motivée à apprendre le métier. Un per	75119 84100 85110 83101 85111 95100 73402 83100 84101 75110 95101 82021 95103 72501 94100 75101 85120 22101 72021 22112
jobillico:14682350	jobillico	Donnacona	Audioprosthesis Specialist - Donnacona	32109	Other technical occupations in therapy and assessment	ok		Audioprothésiste MA CARRIÈRE AU SEIN DES CLINIQUES LOBE Rejoignez un réseau humain, où chaque action est guidée par des valeurs qui forment l'acronyme ÉCOUTER: engagement, créativité, optimisme, unicité, ténacité, entraide et rigueur. VOTRE RÔLE Pour nous, le rôle de l’audioprothésiste va plus loin que l’appareillage auditif : Sensibilisez les patients sur les impacts de sa perte auditive et informez-les sur les solutions envisageables. Expliquez les résultats obtenus lors de son évaluation audi	31112 32109 33109 42203 32122 41321 32112 32100 31111 31303 32110 63211 52113 31302 31110 11202 31100 51114 22221 41404
jobillico:17505144	jobillico	Montreal	Regional electrical project engineering specialist	21310	Electrical and electronics engineers	ok		Shape Your World At Alcoa, you will become an essential part of our purpose: to turn raw potential into real progress. The way we see it, every Alcoan is a work-shaper, team-shaper, idea-shaper & world-shaper. Shape Your Impact Are you passionate about delivering industrial projects that drive operational excellence and long-term performance? As a Regional Electrical Project Engineering Specialist, you will play a key role in shaping capital projects across multiple operations by providing elect	21310 20010 22310 72201 72200 21321 21301 92100 21320 21300 00015 21399 21331 70011 41402 72422 70010 72202 22302 20012
jobillico:17519253	jobillico	Saint-Georges	Advisor	64100	Retail salespersons and visual merchandisers	ok		Tu as l’esprit bricoleur? Ta connaissance des produits de quincaillerie, de construction et de rénovation est vaste? Savoir écouter les clients avec intérêt pour les guider dans leurs achats et ainsi, concrétiser leurs projets, ça fait partie de ton champ de compétences? Tu sais montrer au client qu’il est important et qu’il peut compter sur toi? On a besoin de ton talent, de ta polyvalence et de ta bienveillance au sein de nos départements! Viens bâtir ton avenir au sein de la grande équipe BMR	62101 64100 60020 22211 52121 64101 11102 12203 21200 60040 41321 64409 62100 72320 41402 62023 64201 63202 65200 10029
jobillico:16718538	jobillico	Saguenay	Geotechnical Technician	22300	Civil engineering technologists and technicians	ok		Technicienne en Géotechnique / Technicien en géotechnique / Forage Groupe GÉOS est à la recherche d’un(e) candidat(e) qui agira à titre de technicien.ne de chantier en géotechnique. Le ou la candidat(e) participera également au développement et au rayonnement de l’organisation au Québec. En conformité avec ses valeurs et son système de gestion de la qualité, GÉOS offre un milieu de travail accueillant et humain au sein d’une équipe diversifiée et hautement qualifiée. L’acquisition de compétences	21331 22214 22101 21102 22213 22300 22112 22210 22301 82021 21332 42102 72302 21300 21330 22100 72012 21301 21320 72021
jobillico:17521791	jobillico	Les Méchins	Soudeur(se)-monteur(se)	72106	Welders and related machine operators	ok		TU SOUHAITES TE JOINDRE À UNE ENTREPRISE DE GRANDE ENVERGURE DANS LAQUELLE TA CONTRIBUTION SERA RECONNUE? LIS LA SUITE, CETTE OFFRE EST PARFAITE POUR TOI! Nous recherchons activement un soudeur-monteur pour effectuer différents travaux de soudage et de montage sur des projets de construction et de réparation navales à notre chantier maritime Océan. POURQUOI MONTER À BORD? Emploi permanent - 40 heures par semaine Primes de soir, de nuit et de fin de semaine Programme d’aide aux employés Régime de	72010 94101 92022 92013 72104 92010 94219 75100 92020 72103 72603 72013 95104 72106 82021 92024 92023 82020 94203 72021
jobillico:17414697	jobillico	Burnaby	Clinician, hospice palliative care - burnaby			fail	abstain	Salary The salary range for this position is CAD $49.20 - $67.08 / hour Job Summary We are currently looking to fill a Full Time opportunity for a Clinician, Hospice Palliative Care with Home Health located in Burnaby, B.C. Burnaby One of the highest parkland-to-resident ratios in all of North America. Burnaby is a rapidly growing metropolitan area at the geographic centre of Metro Vancouver with different municipalities at all of its borders. The city is recognized as one of the Lower Mainland’	31120 42203 31300 51100 31303 44100 31102 33102 32124 31100 31200 31302 31203 32120 41300 32101 33101 32102 63200 42201
jobillico:17492841	jobillico	Toronto	Gro program - investment management, private markets	11102	Financial advisors	ok		At Manulife, we believe in investing in the future starting with you! Our GRO program is a bold new approach to early talent development, designed to launch your career with the support, structure, and opportunities you need to thrive. GRO is Manulife’s flagship early talent program. It’s more than just a job, it’s a launchpad for your career. GRO offers a consistent, high-quality experience for new graduates across the organization. Shape the future of investing with our Investment Management P	40011 80021 40012 54100 00014 00015 10020 00012 10021 60040 50012 40010 80020 00013 70012 11102 41402 41406 80022 00011
jobillico:17520129	jobillico	Saint-Charles-de-Drummond	Electromechanic	72422	Electrical mechanics	ok		TECHMEC Drummondville Description du poste Sous la supervision du directeur de la maintenance, l’électromécanicien est responsable d’assurer l’installation, l’entretien, le diagnostic et la réparation des équipements industriels tant au niveau mécanique qu’électrique. Il veille au bon fonctionnement des systèmes de production en appliquant les normes de sécurité, de qualité et de précision en vigueur. Le candidat doit être autonome, rigoureux et capable d’intervenir efficacement dans un environn	72422 72201 21301 22310 21310 22312 22311 22301 72200 20010 21321 22302 92021 92100 72406 72100 94204 94205 72402 72423
jobillico:16533828	jobillico	Quebec City	Gypse handler	75101	Material handlers	ok		At RONA, our employees let their passion blossom every day. Our teams are driven by the desire to help people bring their projects to life and are committed to making a difference in the communities we serve. We operate or service corporate and affiliated dealer stores. With a distinctive product and service offering and complementary store formats ranging from neighbourhood hardware stores to big box stores, our RONA+, RONA and Dick’s Lumber banners are well equipped to help meet the needs of a	95103 94129 95100 94121 94111 94110 94102 94212 94219 75101 95104 95102 94123 94112 94100 94130 94103 73400 94120 84110
jobillico:17167555	jobillico	Magog	Data and business intelligence architect	21222	Information systems specialists	ok		Data and Business Intelligence Architect Build a career that matters with one of the world’s most respected employers! - - - - - - - - - - - - Make a difference as a Data and Business Intelligence Architect Michelin, an international company known for its tire products, around and beyond the tire is looking for people who want to move forward with us! Motivated by our purpose - We care about Giving People a Better Life in Motion - Michelin offers our employees a comprehensive Total Rewards packa	21211 21221 21223 22212 20012 22302 41402 21321 22210 21222 22301 21231 72100 21301 22211 21200 72405 21210 20011 31121
jobillico:17503959	jobillico	Ottawa	Cloud & ai sales specialist	64101	Sales and account representatives - wholesale trade (non-technical)	ok		Overview Overview Are you passionate about driving cloud transformation across diverse industries? Join our dynamic team as a Cloud & AI Solution Specialist, where you will play a pivotal role in accelerating Microsoft Azure adoption in goverment Canada. You will collaborate with a high-performing team of Solution Engineers and cross-functional stakeholders to deliver impactful cloud solutions that address complex customer needs. As a Cloud & AI Sales Specialist, you are a business leader with d	21220 20012 62100 21221 21222 62023 60010 22221 21211 43204 64101 22214 22210 20011 63101 42102 14111 12102 21203 70021
jobillico:14913263	jobillico	Saint-Rémi	Estimator	22303	Construction estimators	ok		Description du poste : Située à Saint-Rémi, sur la Rive-Sud de Montréal, Soudure Fusion Précision est une entreprise québécoise en pleine effervescence spécialisée dans le domaine de la soudure industrielle tel que les métaux ouvrés et les structures d'acier. Comptant plus de 30 employés, nous possédons un large éventail d’expertises dans notre équipe ce qui nous permet de participer à la production de projets très variés les uns des autres. Nous recherchons présentement une personne qui désire 	22303 12203 12201 72010 92022 72411 72104 92011 72405 94219 72301 92021 94203 94210 92010 92013 53100 92023 22312 52121
jobillico:17527659	jobillico	Vancouver	Clk 09r - team assistant, float *closing date extended*	13110	Administrative assistants	ok		Posting Title CLK 09R - Team Assistant, Float *Closing Date Extended* Position Classification Clerk R9 Union GEU Work Options On-Site Location Multiple Locations, BC CA (Primary) North Vancouver, BC V7P 3M7 CA Richmond, BC V7C 4M9 CA Vancouver, BC V6B 0N8 CA West Vancouver, BC V7T 1B9 CA Salary Range $54,684.22 -$61,647.97 annually Close Date 9/21/2026 Job Type Regular Full Time Temporary End Date Ministry/Organization Children & Family Development Ministry Branch / Division Vancouver Coastal Se	14100 14202 75119 14300 14301 12100 94219 85102 65210 13110 65102 74201 22221 84121 43100 14102 72603 62022 64314 14201
jobillico:16769292	jobillico	Victoriaville	Apprentice Technician	73200	Residential and commercial installers and servicers	ok		Poste : Permanent à temps plein, 40hrs, du lundi au vendredi, jour Succursale : 1010 Bd Pierre-Roux E, Victoriaville, QC G6T 0K8 Ici, on se propulse! L’autonomie au service des utilisateurs, ça te parle ? Au sein de notre équipe, tu auras l’opportunité de mettre en valeur ton expertise technique tout en laissant place à ton côté débrouillard dans la gestion de tâches. Ta mission : fournir un support informatique de qualité en proposant des solutions adaptées et en offrant un service personnalisé	42102 72423 72410 72421 22312 92100 32124 22221 72429 72200 72201 72202 22311 73200 33103 62100 74203 65101 72603 32112
jobillico:17527062	jobillico	Val-Alain	Evening Shift Casual Worker	95109	Other labourers in processing, manufacturing and utilities	ok		septembre Garex crée des nouveaux postes permanents dans le domaine de la fabrication de portes de garage! Tu n'as pas ou peu d'expérience en milieu manufacturier? Aucun problème, nos équipiers seront présents pour t'aider à développer tes compétences et t'apprendre ton nouveau métier. Début des formations prévue pour la fin mars et début avril. TON HORAIRE : 40 heures semaine. Devance tes fins des semaines avec notre horaire de soir du lundi au jeudi de 15h30 à 2h00. TES AVANTAGES: Taux à l'emb	65100 42201 72013 72010 75119 14405 85101 75212 55109 84110 95109 95100 94143 72310 73111 95102 14402 72403 72311 72102
jobillico:17525718	jobillico	Saint-Hubert	Tractor Operator | Snow Removal	74205	Public works maintenance equipment operators and related workers	ok		Tu veux construire du solide? Nous avons un poste pour toi! Chez Environnement Routier NRJ , nous ne faisons pas que déneiger les routes : nous assurons la mobilité et la sécurité de milliers de personnes tout au long de l'hiver. Reconnus pour notre expertise, la qualité de nos services et la fiabilité de nos équipes, nous sommes à la recherche d'un Opérateur de niveleuse passionné et engagé pour se joindre à notre équipe de déneigement. Si tu apprécies le travail autonome, les défis du terrain 	74205 72021 74200 72023 72500 72020 84110 65211 83110 73310 74201 75211 75101 73400 73300 75100 75212 72024 72603 94129
jobillico:17521749	jobillico	Laval	Conseiller (ère) à la location			fail	abstain		64310 13101 64201 65229 52121 63101 12012 62101 41320 60031 14300 14301 51100 12203 62022 60040 14202 21200 64322 65210
jobillico:17515332	jobillico	Hamilton	Exercise testing technician	32123	Cardiology technologists and electrophysiological diagnostic technologists	ok		The Exercise Testing Technician performs diagnostic testing which evaluates a patient's cardiac and/or cardio-pulmonary response to exercise. The Exercise Testing Technicians will support Plain and Cardiopulmonary Exercise Testing, Stress Echo and PV/ABI testing. Major responsibilities include: to work as part of a team to perform diagnostic exercise testing procedure; explain the procedure to patient in order to obtain informed consent and maximum performance; taking a brief patient history; re	32123 32103 31204 22222 22311 31202 22310 22230 32104 32120 53200 33109 33101 22110 32109 22100 22301 32129 32122 72200
jobillico:30628	jobillico	Saint-François-de-la-Rivière-du-Sud	Estimator	22303	Construction estimators	ok		Analyser les plans et devis selon les directives reçues Soulever les points ambigus et poser les questions nécessaires pour clarifier les attentes Proposer des solutions concrètes concernant la faisabilité technique du projet en collaboration avec l’équipe de production Identifier et quantifier les composantes, matériaux et opérations requis Réaliser des croquis ou dessins techniques de composantes, au besoin Solliciter des soumissions pour les pièces achetées non standard et la matière première	22303 22211 21200 21310 52121 21321 72100 14402 51112 20010 12102 22302 72010 21222 22210 94203 73200 10012 70011 22212
jobillico:17478729	jobillico	Calgary	Administrator, equipment job details | aecon	13100	Administrative officers	ok		Come Build Your Career at Aecon! Aecon delivers some of the most complex and impactful infrastructure projects from transformative transportation networks to critical energy, industrial and nuclear programs. The projects we build connect communities and power future generations. With deep roots in North America and a strong footprint internationally, Aecon brings global expertise and proudly serves public and private sector clients through its Construction and Concessions segment. Safety Always 	00015 21301 72020 21399 41400 20010 21300 70012 43204 13100 22232 72021 21231 21321 92100 72603 92023 21331 92021 21390
jobillico:17478402	jobillico	Sorel-Tracy	Day Laborer	95101	Labourers in metal fabrication	ok		Fondée en 1969, Industries Lafleur se spécialise dans la fabication spécialisée de carrosserie de camions et produits connexes. Notre équipe expérimentée nous permet d'offrir un produit de qualité et durable. Nous recherchons un journalier pour travailler dans les différents départements de notre usine. Horaire de semaine et de jour (terminons à midi le vendredi) Travail stimulant et varié Possibilité de formation en milieu de travail Description du poste: Préparation des camions pour isolation 	95102 95101 75101 14402 95109 95104 94213 75201 65312 74203 95105 94100 95100 72405 73110 75211 95106 75110 72400 94112
jobillico:17445168	jobillico	Montreal	Resident concierge	73201	General building maintenance workers and building superintendents	ok		COGIR Real Estate has nearly 3,500 passionate real estate employees who work every day to offer the best service and a better quality of life to our clients. Our team manages over 170 properties located in Quebec, Ontario, and the United States. The company is currently ranked 55th among the largest companies in Quebec. POSITION DESCRIPTION: We are currently looking for a resident concierge for a building located in Ville Saint-Laurent. Are you known for being versatile, good with your hands, an	13101 63101 65312 73201 41101 65210 62022 70011 64300 70012 62024 60031 21220 70021 64410 62029 44101 73202 42201 21203
jobillico:17524404	jobillico	Drummondville	Restaurant Host	64300	Maîtres d'hôtel and hosts/hostesses	ok		Plus qu'un milieu de travail, l'Hôtel et Suites Le Dauphin Drummondville est comme une deuxième famille. Contribuez activement à rendre le séjour de nos invités mémorable. Rejoignez une équipe dynamique et passionnée! Il s’agit d’un poste à temps plein, de 32 à 40 heures par semaine, sur 4 à 5 jours de travail répartis du dimanche au samedi, principalement de soir, sans toutefois y être exclusif. Vous devez être en mesure de vous exprimer en français et posséder également un anglais de niveau in	64300 65200 60031 65210 64314 60030 14101 62022 65329 63200 65201 62200 64101 64301 44101 33102 62021 63221 65211 62020
jobillico:17525136	jobillico	Québec	Logistics and Procurement Technician	14403	Purchasing and inventory control workers	ok		Tu es une personne organisée, autonome et débrouillarde qui aime que les choses soient bien faites? Tu apprécies autant le travail concret sur le terrain que le suivi administratif et la coordination avec des fournisseurs? DroneXperts est à la recherche d’un(e) Technicien(ne) logistique et approvisionnement pour prendre en charge les activités quotidiennes liées à notre inventaire, nos réceptions et expéditions ainsi qu’à notre approvisionnement. Tu seras la personne de référence pour les opérat	13201 14402 14403 12013 32124 22302 32129 14400 22214 22212 12102 22112 73300 33103 22310 22301 14405 75101 51112 21310
jobillico:17526036	jobillico	Vernon	Laboratory assistant - lhsc	33101	Medical laboratory assistants and related technical occupations	ok		Description Position at Dynacare Job Posting: Laboratory Assistant - LHSC Where YOU work, makes a difference. Life is precious and every moment matters. Dynacare is helping Canadians achieve a healthy future with care and wellness solutions that are convenient, understandable, and accessible. When you join our team, every day is an opportunity to get better and be inspired. It’s an environment where you can grow your career in any direction you choose. We’re evolving our technology and optimizin	33101 32120 32101 33103 41201 33100 31303 33102 32103 12113 13112 22100 33109 32104 32122 13111 22232 94143 31120 44101
jobillico:17526357	jobillico	Bolton	General maintenance associate : monday to friday (s2) 5:30pm - 2:00am (bolton/dfc)	73201	General building maintenance workers and building superintendents	ok		Job Description Are you someone who thrives on helping others succeed, enjoys making an impact, and takes pride in guiding customers to the right solutions for their projects? If you’re also naturally curious and eager to keep learning, consider starting or growing your career with us at The Home Depot. Position Purpose: This person will play a key role in helping the DC team maintain the overall facility and the many assets used throughout the building. This includes changing and/ or servicing 	73201 94204 74204 72402 72401 72423 72429 75119 44101 70012 72020 73200 21301 72421 85121 94205 62021 75101 72406 14401
jobillico:17294663	jobillico	Brossard	Analyst/consultant, opentext vim specialist	21221	Business systems specialists	ok		Analyst/Consultant, OpenText VIM Specialist Posting Start Date: 6/19/26 Job Type: Permanent Work Model: Hybrid Reference code: 133708 Primary Location: Toronto, ON All Available Locations: Toronto, ON; Brossard, QC; Burlington, ON; Calgary, AB; Edmonton, AB; Fredericton, NB; Halifax, NS; Kitchener, ON; Laval, QC; Moncton, NB; Montreal, QC; Ottawa, ON; Quebec City, QC; Regina, SK; Saint John, NB; Saskatoon, SK; St. John's, NL; Vancouver, BC; Victoria, BC; Winnipeg, MB Our Purpose At Deloitte, our	42203 21220 21200 21221 51114 21222 11201 41321 41402 51110 11200 51112 21211 11202 12203 64101 62100 52121 13111 32109
jobillico:16513866	jobillico	Quebec City	étudiante, étudiant en enseignement - suppléance	41201	Post-secondary teaching and research assistants	ok		Nature du travail Le Centre de services scolaire de la Capitale recherche des étudiant(e)s en enseignement pour des contrats et des suppléances pour l'année 2025-2026. Si vous n'êtes pas étudiant dans un programme universitaire menant au brevet d'enseignement du Québec, veuillez postuler sur un poste d'enseignant dans la discipline connexe à vos études. Profils recherchés: - Adaptation scolaire - Anglais - Éducation physique - Français - Francisation - Mathématiques - Musique - Sciences et techn	42203 43100 41320 41220 41221 41405 41200 41210 32100 43109 41201 42201 72200 42202 41321 14405 14102 72302 64401 54100
jobillico:17149537	jobillico	Beloeil	Building Structure Coordinator	72013	Contractors and supervisors, carpentry trades	ok		Les Industries Bonneville, leader de l’industrie de l’habitation usinée depuis près de 65ans, est à la recherche d’un(e) Coordonnateur(trice) en structure de bâtiment à son siège social de Beloeil. La personne sélectionnée sera un pilier entre le département de Dessin technique, l’ingénierie externe et la production en usine. Elle veillera à la coordination du volet structural de nos projets ainsi qu’au développement de l’équipe. Elle agira à titre de référence technique, planifiera les activité	70011 22233 72014 72010 70010 92020 72013 92022 13201 22303 92015 72011 72021 94211 92010 92023 20011 21200 73201 92014
jobillico:17529687	jobillico	Saint-Raymond	Day Laborer	94103	Concrete, clay and stone forming operators	ok		À propos de l'entreprise Notre partenaire, Groupe BPA, est une entreprise reconnue pour son savoir-faire dans la fabrication de produits de béton architectural. Par l'entremise de sa division VH Fabrication, ils sont présentement à la recherche de journalier de jour pour son usine à Saint-Raymond. Principales responsabilités Assembler et préparer les moules avant le coulage du béton Installer les barres d'armature et les treillis selon les plans et devis Assurer l'entretien des coffrages utilisé	72320 95104 75110 72103 94101 73201 75101 72010 95100 94213 73200 95101 94219 72300 72104 94103 95109 94112 95106 94100
jobillico:17480658	jobillico	Québec	Foreman	72010	Contractors and supervisors, machining, metal forming, shaping and erecting trades and related occupations	ok		S. HUOT, une entreprise reconnue et spécialisée en fabrication mécanique, soudage et usinage. Nous sommes à la recherche d'un contremaître pour le département de fabrication. Sous la supersivion du Directeur de production, le contremaître a pour tâches de: Planifier, superviser et coordonner le travail des soudeurs dans un environnement de travail syndiqué; Établir des méthodes de travail permettant de respecter le calendrier des opérations,et coordonner le travail avec les autres services; Réso	92014 72020 92010 72010 92023 72021 92011 82020 92022 72023 72011 92015 83121 92024 72012 72022 73401 92013 92021 52119
jobillico:17476365	jobillico	Toronto	Assembly technician	94219	Other products assemblers, finishers and inspectors	ok		Traferox creates, manufactures, and commercializes products used to transplant solid organs (lungs, heart, liver, kidneys, pancreas). These products employ technologies invented by the transplant surgeons at the University Health Network (UHN). Traferox currently sells the TorEx Lung Perfusion System and the X°Port Lung Transport Device.Traferox Technologies is committed to improving the outcomes of organ transplants and to save patients’ lives. Traferox Technologies Inc. Duties and Responsibili	94202 94203 94204 94219 94201 94211 94210 94212 93200 94200 92021 75119 72405 22311 72010 92023 72411 42102 72421 22301
jobillico:17490993	jobillico	Saguenay	Industrial Concierge RMV	65312	Janitors, caretakers and heavy-duty cleaners	ok		Vous aimez la variété, êtes polyvalent(e) et aimez bouger? Vous recherchez un emploi permanent où vos journées ne sont jamais exactement les mêmes? Gesti-Clean, une division de Globatech, est à la recherche de 2 concierges RMV (remplacement, maladie et vacances) pour travailler dans les installations de Rio Tinto à Arvida . Il s’agit d’un poste permanent à temps plein de 40 heures par semaine , de jour, du lundi au vendredi. La personne recherchée doit toutefois être disponible pour effectuer de	65312 22211 62022 60031 00015 14402 75101 22302 74202 10030 65200 00014 72400 64409 64100 94213 72403 14101 72010 70012
jobillico:13718979	jobillico	Longueuil	Merchandising Associate	65109	Other sales related occupations	ok		Description Associé au traitement de la marchandise Qui sommes-nous ? Village des Valeurs fait partie de la famille de magasins Savers. Nous sommes un détaillant mondial à but lucratif d’articles d’occasions, offrant des vêtements, accessoires et articles ménagers légèrement usagés et de haute qualité. Notre modèle d’entreprise « Repenser et réutiliser », englobant achats, revente et recyclage, procure aux collectivités une manière intelligente de magasiner et empêche que plus de 700 millions de	64101 12203 60020 62101 14401 65102 62100 63101 75101 64100 95109 73209 53125 65109 33103 92024 95106 94202 42201 94219
jobillico:17526648	jobillico	Truro	Relief 173 job details | purolator	75201	Delivery service drivers and door-to-door distributors	ok		It’s not a package. It’s a promise®. As Canada’s leading integrated freight, package, and logistics provider, we’ve been helping promises get where they need to be for more than 60 years. How does the magic happen? The journey starts with you . The places we go, the elements we brave, the promises we deliver - it’s all possible because of our people. So, whether you’re looking to build new skills, make an impact in your community, or inspire your team, we go there for you. Shift: 25 hours/week -	14402 74100 70021 75201 74102 74101 95109 72025 75101 64401 95102 13201 14400 65102 95106 14202 65312 12013 95103 13102
jobillico:17075831	jobillico	Toronto	Consultant - yardi implementation - controls assurance	11201	Professional occupations in business management consulting	ok		Consultant - Yardi Implementation - Controls Assurance Posting Start Date: 10/6/25 Job Type: Permanent Work Model: Hybrid Reference code: 130744 Primary Location: Toronto, ON All Available Locations: Toronto, ON; Brossard, QC; Burlington, ON; Calgary, AB; Edmonton, AB; Fredericton, NB; Halifax, NS; Kitchener, ON; Laval, QC; Moncton, NB; Montreal, QC; Ottawa, ON; Quebec City, QC; Regina, SK; Saint John, NB; Saskatoon, SK; St. John's, NL; Vancouver, BC; Victoria, BC; Winnipeg, MB Our Purpose At De	42203 41321 11100 21220 13102 21203 12201 12104 21200 14403 12202 41101 52121 22211 43204 11201 62101 72602 14301 11109
jobillico:17487342	jobillico	Montreal	Dynamics 365 finance & operations functional analyst	21221	Business systems specialists	ok		We are recruiting a Dynamics 365 Finance & Operations Functional Analyst to join the IT team of an established Québec-based organization undergoing a major digital transformation. This opportunity is for someone with strong hands-on knowledge of D365 F&O who wants to play a central role between business teams, end users and technical stakeholders. This is not a pure development role: the successful candidate will help evolve the solution, influence priorities and actively support its adoption ac	11100 21223 13102 21220 11101 21222 21221 70012 10010 41402 12102 63102 20012 43204 11109 11201 12113 21231 21211 22221
jobillico:17527812	jobillico	Toronto	Research analyst - schizophrenia research division	12113	Statistical officers and related research support occupations	ok		The Complex Care and Recovery Program is seeking three (3) full-time, contract (12 months) Research Analysts to assist with multiple ongoing research protocols. Reporting to the Principal Investigators and the Research Managers in the Schizophrenia Division, your duties will include but are not limited to: Maintenance of study databases and data analysis Tracking referrals and metrics for the division’s Centralized Recruitment Model Recruitment and follow-up of study participants Coordinating st	41404 12113 41403 11200 42201 41300 41406 31203 31200 31201 41321 41402 41201 31204 41301 12101 41400 41405 40010 21220
jobillico:17517522	jobillico	Vancouver	Co-op or intern, risk advisory services - vancouver or calgary - summer 2027			fail	abstain	Putting people first, every day BDO is a firm built on a foundation of positive relationships with our people and our clients. Each day, our professionals provide exceptional service, helping clients with advice and insight they can trust. In turn, we offer an award-winning environment that fosters a people-first culture with a high priority on your personal and professional growth. Your Opportunity Our Vancouver/Calgary offices are looking for a Co-op Student or Intern to join the Risk Advisory	64322 12202 21220 62022 64310 62023 41407 64201 64313 42201 10020 12104 52121 82021 54100 40030 41406 72602 41321 41320
jobillico:17457036	jobillico	Les Méchins	Stagiaire en soudage montage	72106	Welders and related machine operators	ok		TU SOUHAITES APPRENDRE ET PRATIQUER TON MÉTIER DANS UNE ÉQUIPE DYNAMIQUE, MOTIVÉE ET AU SEIN DE LAQUELLE TU POURRAS METTRE TA TOUCHE SUR DE VRAIS PROJETS? LIS LA SUITE, CETTE OFFRE DE STAGE EST PARFAITE POUR TOI! Nous offrons la possibilité d’un stage à des étudiant(e)s en soudage-montage, construction métallique ou soudage à haute pression. POURQUOI MONTER À BORD? Stage rémunéré - 40 heures par semaine; Supervision par des experts dans ton domaine; Tâches variées sur de réels projets; Équipemen	72104 94101 72102 94219 72420 72105 72103 94105 72101 94203 72106 75100 94204 72010 72405 73101 22301 22312 72401 95101
jobillico:17505180	jobillico	Toronto	Associate, commercial banking			fail	abstain	Application Deadline: 10/30/2026 Address: 100 King Street West Job Family Group: Commercial Sales & Service Emerging Industries is a specialized coverage team focused on businesses operating in highly dynamic and evolving industries, one of the most complex and fast-paced areas within Canadian Commercial Banking. The team provides tailored financing solutions across the full spectrum of client needs, leveraging deep sector knowledge and specialized expertise developed through years of industry e	63102 64400 10021 14201 64101 12202 42201 63101 62023 62100 62101 21221 21200 64409 14301 41402 11109 63100 60010 21220
jobillico:17496849	jobillico	Victoriaville	Accounts Payable Technician	14200	Accounting and related clerks	ok		Groupe FJH Construction Inc. œuvre dans les domaines de l’excavation, du pavage, du transport et du génie civil. En février 2024, Les Excavations Yvon Houle & Fils inc., Pavage Lagacé 2020 et Jean-Claude Lizotte inc. ont été regroupées sous une seule entité : Groupe FJH Construction inc., unissant ainsi plusieurs expertises complémentaires telles que l’excavation, le transport en vrac, la démolition, la décontamination, le béton et l’asphalte, la location de machinerie et la mécanique d’équipeme	12200 22210 14200 22214 22101 62100 32124 22303 64101 11100 22212 22300 33103 22301 52100 22112 12011 75110 13102 72421
jobillico:17170528	jobillico	Saint-Valérien-de-Milton	Facilities Coordinator	12013	Supervisors, supply chain, tracking and scheduling coordination occupations	ok		Joins-toi à une entreprise en plein essor ! Nous sommes actuellement à la recherche d’un·e Coordonnateur·trice aux installations pour enrichir notre équipe. Le Groupe Alamo compte environ 4 500 employés à travers le monde. Dans ce rôle, tu feras partie de l’équipe Neige et Glace Canada, spécialisée dans les solutions de déneigement pour le marché nord-américain. Notre division regroupe environ 350 employés sur les sites de St-Valérien-de-Milton, Ayer's Cliff, Laval, Caledon et Calgary, sous les 	70012 72020 13102 13201 92023 92022 62022 92020 70021 60031 72021 14402 13101 43204 92024 92014 65211 31300 12013 94202
jobillico:17241361	jobillico	Hope	Recreation therapist - fraser hope lodge			fail	abstain	Salary The salary range for this position is CAD $40.19 - $50.20 / hour Job Summary We are currently looking to fill an exciting Full Time position as a Recreation Therapist at Fraser Hope Lodge in Hope, B.C. Apply today - if you are ready to be a part of a team committed to delivering high-quality care and support! Together, we can make a meaningful impact to lives of individuals and families in our community. Experience the exceptional benefits of working with us including: Comprehensive, 100%	54100 50012 31202 31203 41321 31204 41406 11200 64322 13102 32201 44101 60031 64310 32103 41311 42201 41301 22112 64100
jobillico:17475813	jobillico	Vancouver	Tool rental service technician: part time - vancouver terminal	72421	Appliance servicers and repairers	ok		Job Description Pay Range: $22.35 - $24.35 Are you someone who thrives on helping others succeed, enjoys making an impact, and takes pride in guiding customers to the right solutions for their projects? If you’re also naturally curious and eager to keep learning, consider starting or growing your career with us at The Home Depot. Your email Submit	62100 75119 72421 74201 73200 72410 22301 22312 75101 22311 22221 65101 22210 65210 72402 94107 42102 74203 74202 64100
jobillico:17530686	jobillico	Sarnia	Solution-Focused Brief Therapy Counselor	41301	Therapists in counselling and related specialized therapies	ok		Sommaire du poste Homewood SantéMC recherche activement des professionnels agréés* en santé mentale pouvant fournir sur une base contractuelle des prestations dans le cadre de ses Services de maintien au travail et de son Programme d'aide aux employés et à leur famille (PAEF) à Sarnia, ON. Vos responsabilités · Fournir un counseling de courte durée rigoureusement ciblé et axé sur les solutions pour résoudre un vaste éventail de problèmes comme la dépression, l’anxiété, les difficultés interperso	41300 41301 42201 41321 31200 41320 31203 41404 44101 64201 40030 31300 42203 31202 32201 22221 22232 11200 41403 92011
jobillico:17526345	jobillico	Halifax	Merchandising associate part time (halifax)	64100	Retail salespersons and visual merchandisers	ok		Job Description Are you someone who thrives on helping others succeed, enjoys making an impact, and takes pride in guiding customers to the right solutions for their projects? If you’re also naturally curious and eager to keep learning, consider starting or growing your career with us at The Home Depot. Position Overview: Merchandising Execution Associates (MEAs) perform in-store merchandising service activities such as merchandising projects, planogram maintenance, overhead organization, and di	60020 64101 62101 64100 62100 94204 60010 63101 72402 65109 62010 14401 63102 33103 62021 70012 10012 75119 12102 00014
jobillico:17419866	jobillico	Saint-Georges	Wheel Loader Operator - Snow Removal	73400	Heavy equipment operators	ok		Offre d’emploi Opérateur(trice) de chargeur sur roues – Déneigement Présentation de l'entreprise et de ses valeurs ​​ Depuis près de 55 ans, Giroux & Lessard assure le déneigement et l'entretien hivernal des réseaux routiers provinciaux, municipaux et commerciaux en Chaudière-Appalaches. Reconnue pour son expertise, notre entreprise familiale mise sur des équipements performants, une équipe engagée et des méthodes de travail sécuritaires afin d'offrir un service de qualité à ses clients. Guidés 	74205 73400 83110 84110 75100 14404 14400 94120 75101 74201 75201 72021 74203 65211 75212 94129 75211 72602 94124 73310
jobillico:17374221	jobillico	Saint-Jean-sur-Richelieu	Concierge and Maintenance Workers - Replacements	73201	General building maintenance workers and building superintendents	ok		Le Centre de services scolaire des Hautes-Rivières est une organisation visant la réussite scolaire des élèves. Nous nous assurons d'offrir un environnement d'apprentissage dynamique et adapté à l'évolution des besoins de nos élèves et de notre communauté. Nous sommes à la recherche de personnel en conciergerie afin de pourvoir différents remplacements à court, moyen et long terme dans ses écoles. Horaire de travail : Du lundi au vendredi . Salaire : Entre 24,37 $ à 25,89 $ / heure selon la clas	65312 62024 62029 60031 65201 73201 64300 44101 65200 65100 60040 62022 65210 62020 65101 40030 00014 44100 42201 75101
jobillico:17524539	jobillico	Lévis	Factory Worker	94211	Assemblers and inspectors of other wood products	ok		N.A. Structures est une équipe passionnée par la planification, la conception, l’ingénierie, la fabrication et la gestion de projets architecturaux complexes. Notre savoir-faire en construction commerciale et résidentielle est assisté par des modèles intelligents en 3D (BIM). Les structures préfabriquées en usine sont composées principalement de bois d’œuvre, de bois d’ingénierie et d’acier. Nous recherchons un ou une journalier de production de jour pour se joindre à équipe de St-Nicolas. Princ	94211 94210 94202 94219 72104 72405 94212 94204 94203 14402 72400 73200 92022 72010 72320 94200 95104 75110 95109 75101
jobillico:17378463	jobillico	Montreal	Associate insurance investment risk oversight	11101	Financial and investment analysts	ok		A career as an Associate within the Risk Management team at National Bank means playing a key role in managing the investment risks of insurance companies. You will support the team by optimizing existing risk monitoring processes and helping to develop risk management frameworks. Your Role Analyze insurance companies’ investment policies and monitor compliance with those policies. Provide risk analyses to support investment and asset allocation decisions, including Value at Risk (VaR) and stres	10021 12202 10020 12104 11101 63100 11103 12201 14201 12011 10010 11102 11109 10029 11201 12102 21220 11100 21221 40011
jobillico:17446881	jobillico	Windsor	Co-op or intern, expatriate tax services (winter 2027) windsor			fail	abstain	Putting people first, every day BDO is a firm built on a foundation of positive relationships with our people and our clients. Each day, our professionals provide exceptional service, helping clients with advice and insight they can trust. In turn, we offer an award-winning environment that fosters a people-first culture with a high priority on your personal and professional growth. Your Opportunity Our Windsor office is looking for a Co-op or Intern Student to join the Expatriate Tax team for a	12104 43203 42201 65210 62022 64313 14202 64401 52121 41407 14100 73200 64101 64400 64310 64409 12012 60031 65329 13200
jobillico:17474565	jobillico	Québec	Internal Sales & Procurement Advisor	62100	Technical sales specialists - wholesale trade	ok		Lieu : 3825, rue Jean-Marchand, Québec Vous aimez conseiller les clients, trouver des solutions et travailler dans un environnement où les journées passent vite? Polyalto , spécialiste des plastiques industriels depuis plus de 50 ans , est à la recherche d'un(e) représentant(e) aux ventes internes pour se joindre à notre équipe de Québec. Vous jouerez un rôle clé auprès de nos clients en les accompagnant dans leurs demandes, de la recherche de la bonne solution jusqu'au suivi de leur commande. N	12102 64101 62100 52121 65109 14403 62101 60010 63102 60020 64100 92013 73200 11202 63101 10012 22211 94212 41407 64409
jobillico:17406177	jobillico	Saint-Nazaire-du-Lac-Saint-Jean	Health and Safety Coordinator	21120	Public and environmental health and safety professionals	ok		Travailler chez Thermafix c’est plus qu’un emploi ! C’est un milieu stimulant qui encourage les nouvelles idées, l’entraide et la collaboration. Thermafix c’est avant tout un leader de l’industrie du verre depuis plus de 40 ans. Au quotidien, nos 200 employés et nos 3 usines à travers le Québec servent plus de 200 entreprises. Thermafix est à la recherche d’un (e) Coordonnateur (trice) en Santé et Sécurité pour rejoindre notre équipe dynamique. Vous aurez comme mission d'assurer la mise en place	22232 31300 92012 13201 12111 12013 21120 70021 92010 40010 11200 12101 92011 10011 41404 92020 92024 92015 92023 92022
jobillico:16409935	jobillico	Québec	Tire Handler	14401	Storekeepers and partspersons	ok		Theetge Chevrolet Buick GMC Cadillac est à la recherche d’une personne fiable, efficace et organisée pour se joindre à son équipe pour la saison automnale. À titre de commis d’entrepôt et manutentionnaire, tu seras responsable de la réception, de l’expédition et du classement des pièces et des pneus. Tu travailleras en étroite collaboration avec le département des pièces et les mécaniciens afin d’assurer le bon déroulement des opérations quotidiennes. Au quotidien, tu seras amené à : Réceptionne	75101 14402 14400 14401 13201 72402 72423 74203 72405 72020 73300 74201 95104 14405 72603 72310 14404 92023 94200 60020
jobillico:17327945	jobillico	Montreal	Caissier(ère) (temps partiel) disponible dès 6h00 am	65100	Cashiers	ok		Job Description Are you someone who thrives on helping others succeed, enjoys making an impact, and takes pride in guiding customers to the right solutions for their projects? If you’re also naturally curious and eager to keep learning, consider starting or growing your career with us at The Home Depot. Position Overview: Front-end associates proactively direct customers to open registers and support customers at the assisted check-outs throughout the store. The front end associate will excel at	65100 65201 62101 64101 64400 65210 63102 33103 64300 14101 33102 64409 44101 64100 62010 64314 65109 14402 60031 62023
jobillico:17505753	jobillico	Milton	Stacker	14400	Shippers and receivers	ok		At RONA, our employees let their passion blossom every day. Our teams are driven by the desire to help people bring their projects to life and are committed to making a difference in the communities we serve. We operate or service corporate and affiliated dealer stores. With a distinctive product and service offering and complementary store formats ranging from neighbourhood hardware stores to big box stores, our RONA+, RONA and Dick’s Lumber banners are well equipped to help meet the needs of a	65102 84110 83110 85120 55109 14202 95109 73102 14400 12110 94202 73402 75100 52119 94129 94131 65100 85102 63202 94151
jobillico:17476026	jobillico	Toronto	Business program management: winter co-op internship opportunities	11201	Professional occupations in business management consulting	ok		Overview Come build community, explore your passions and do your best work at Microsoft with thousands of University graduates from every corner of the world. This opportunity will allow you to bring your aspirations, talent, potential-and excitement for the journey ahead. As a Business Program Management Intern, you will identify, define, and design opportunities to support and/or develop new programs or improve current programs. You will advocate for and demonstrate the value of the program th	20012 21230 21232 41402 21221 40012 10029 11201 40011 40010 10021 21321 60040 10012 21222 21231 13102 70012 10020 54100
jobillico:17474238	jobillico	Kamloops	Heavy duty technician apprentice -3rd/4th years	72401	Heavy-duty equipment mechanics	ok		The Opportunity Responsible for providing quality workmanship, consistent service, and technical knowledge to the customers. Performs all tasks related to the testing, diagnosing, repair, maintenance, and reconditioning of heavy equipment, transmissions, engines (gasoline and diesel), and engine components typically on-site at customer or road side assistance. The Role Inspect and diagnose components and equipment for servicing needs. Communicate with equipment owners for authorization of servic	72401 72410 72423 22312 72429 74203 62100 72405 22301 72421 72100 32112 22311 42102 73400 72205 32124 72200 72411 21301
jobillico:17513844	jobillico	Winnipeg	Radiation therapy nursing assistant	33109	Other assisting occupations in support of health services	ok		CancerCare Manitoba is a provincial agency which provides clinical and academic services and leadership for cancer control and the treatment of blood disorders. Our shared vision of a world free of cancer drives every member of our team. CancerCare Manitoba is the perfect place to thrive if you're seeking a fulfilling career in an organization that is committed to its employees' well-being and professional development. Competition # 315-26-7142091 Posting End Date: September 16, 2026 City: Winni	32121 33102 32103 31303 32101 33109 31302 33103 31203 33100 31301 32102 32201 44101 31202 33101 31204 31300 41201 13102
jobillico:16734786	jobillico	Toronto	Senior consultant, finance transformation-insurance	11201	Professional occupations in business management consulting	ok		Overview At KPMG in Canada, our people bring their unique perspectives to Canada’s most important challenges. Here, you can build momentum that reaches beyond our business, develop skills for the future, and take ownership of your career with support at every stage. Join a firm where your career can make a difference. Are you a talented individual with a proven track record on executing project deliverables. We are seeking a highly motivated Senior Consultant to support our Toronto Team in deliv	00012 11100 11102 00015 41321 10010 21220 11109 00014 63102 51114 21222 62023 41407 11201 00011 00013 11101 64201 41301
jobillico:1667230	jobillico	Saint-Isidore	Cabinetmaker Assistant	94210	Furniture and fixture assemblers, finishers, refinishers and inspectors	ok		"Ici, ton week-end débute le vendredi midi !" Horaire de travail de 40 heures sur 4 jours et demi Vous cherchez une carrière stimulante qui vous permettra de déployer votre créativité et de mettre à profit votre minutie ? RCM Architectural est à la recherche d’Aide-ébéniste talentueux et assoiffés de nouvelles expériences. Vous évoluerez au sein d’une équipe respectueuse qui reconnaîtra l’importance de votre contribution. Toujours à l’écoute, notre équipe de direction ne demande qu’à entendre vo	72311 72310 72013 72320 52121 94210 22210 75110 73100 22303 73112 73101 63221 94204 72405 73201 94219 95104 33100 72105
jobillico:17521272	jobillico	Quebec City	Manoeuvre en chantier	75110	Construction trades helpers and labourers	ok		TU ES UNE PERSONNE DÉBROUILLARDE ET POLYVALENTE AVEC DE BONNES HABILETÉS MANUELLES? TU VEUX TE JOINDRE À UNE ENTREPRISE DE GRANDE ENVERGURE DANS LAQUELLE TA CONTRIBUTION SERA RECONNUE? NOUS VOULONS TE RENCONTRER! Nous recherchons activement un/une manœuvre pour aider les autres quarts de métiers dans leur travail, exécuter des activités de nettoyage, de peinture et de finition ainsi que monter et démonter des échafaudages. POURQUOI MONTER À BORD? Emploi permanent Horaire: 40 heures en 4 jours ou	72010 72021 72013 72020 82020 92020 75110 72423 94204 73201 94107 92023 72401 92022 75101 94124 75119 72400 72023 72014
jobillico:17446863	jobillico	Toronto	Co-op or intern, canadian tax services (winter 2027) toronto bay street			fail	abstain	Putting people first, every day BDO is a firm built on a foundation of positive relationships with our people and our clients. Each day, our professionals provide exceptional service, helping clients with advice and insight they can trust. In turn, we offer an award-winning environment that fosters a people-first culture with a high priority on your personal and professional growth. Your Opportunity Our Toronto Office is looking for Co-op or Intern Students to join the Tax team for a 4-month pos	43203 12104 52121 42201 65329 65210 75119 75212 73201 13102 13200 64313 64101 64409 64400 14202 70021 62022 62023 75110
jobillico:17448213	jobillico	Victoriaville	Buyer	12102	Procurement and purchasing agents and officers	ok		Vous êtes une personne structurée, rigoureuse et orientée affaires? Vous maîtrisez les meilleures pratiques d’approvisionnement dans des organisations complexes et vous savez développer des relations fournisseurs solides tout en défendant les intérêts de votre entreprise? Joignez-vous à une équipe en transformation où vos compétences en sourcing stratégique, gestion contractuelle, analyse de coûts, suivi de performance fournisseurs et amélioration continue contribueront directement aux résultats	12102 10012 62101 14403 00015 14402 13201 21221 60010 12013 41321 92012 00012 70011 41402 72104 72010 12203 62100 11200
jobillico:17493096	jobillico	Saint-Alexis-de-Montcalm	Traffic Flagperson	75211	Railway and motor transport labourers	ok		Envie de travailler dehors et de jouer un rôle essentiel sur nos chantiers? Lanauco est à la recherche de signaleurs et signaleuses routiers pour se joindre à son équipe! Si tu es une personne vigilante, fiable et à l’aise de travailler en plein air, beau temps, mauvais temps, on veut te rencontrer! Les avantages qu’on t’offre : Salaire de 24$/ heure + les primes offertes selon le comité paritaire; On t’offre un emploi à l’année dans le milieu de la construction; Un véhicule Lanauco fourni pour 	14404 72021 14405 75100 75110 75212 72014 72020 73300 72011 64322 21201 82031 21203 72024 73311 75101 72403 75211 73110
jobillico:17483343	jobillico	Vancouver	Dynamics 365 customer engagement (d365 ce) platform administrator	21222	Information systems specialists	ok		Choosing Capgemini means choosing a company where you will be empowered to shape your career in the way you’d like, where you’ll be supported and inspired by a collaborative community of colleagues around the world, and where you’ll be able to reimagine what’s possible. Join us and help the world’s leading organizations unlock the value of technology and build a more sustainable, more inclusive world. Role Summary We are seeking a highly motivated Dynamics 365 Customer Engagement (D365 CE) Platf	20012 14111 21223 70012 21234 21231 22221 10029 93101 00015 21221 40030 60031 13102 21222 41321 21230 00012 60010 40019
jobillico:17525499	jobillico	Québec	Finishing Laborer	94210	Furniture and fixture assemblers, finishers, refinishers and inspectors	ok		Filtrum Construction se spécialise dans la construction d’infrastructures environnementales. L'entreprise se distingue en offrant des solutions globales à sa clientèle industrielle et municipale, intégrant les disciplines de mécanique de procédés, d'électricité, d'instrumentation et d'automatisation. En pleine croissance, nous cherchons une personne proactive et rigoureuse pour joindre notre équipe dynamique afin de réaliser des projets d’envergure, au Canada comme à l’international. Principale 	94219 95102 94152 72014 94121 14402 72405 94210 92011 72400 72013 94212 92022 72104 72300 94213 94102 95101 73100 73200
jobillico:17516037	jobillico	Barrie	Lab patient technician (opseu barrie)	33101	Medical laboratory assistants and related technical occupations	ok		As a Lab Patient Technician, you will be responsible for the specimen collection process, from greeting patients through to preparation of specimens for transportation. This is an important role in patient care and our business and will let you see the difference that you make in patients’ lives. Status: Full Time Shift: Monday - Friday, 7:00am - 5:00pm Additional Requirements: The successful candidate must be available to work Monday to Friday between the hours of 7:00 am - 5:00 pm. Please note	33101 32120 32124 22110 32103 32104 32101 32123 33102 33103 32129 33109 31303 32112 22100 32100 31203 52112 14101 52100
jobillico:17147797	jobillico	Abbotsford	Chronic disease nurse, diabetes - abbotsford regional hospital and cancer centre	31301	Registered nurses and registered psychiatric nurses	ok		Salary The salary range for this position is CAD $41.42 - $59.52 / hour Job Summary Come work with us! Join a collaborative, interdisciplinary team at Abbotsford Regional Hospital's Diabetes Clinic where your expertise empowers individuals living with diabetes to take control of their health. In this role, you’ll partner closely with clients through personalized care planning, outpatient assessments, and evidence-based education—delivered one-on-one and in group settings. By combining teaching, 	31300 31301 33102 31302 32101 42201 31121 13102 30010 40030 60031 33103 62020 00014 41321 41404 31201 44101 32124 63200
jobillico:17337251	jobillico	Chicoutimi	Automation Engineer	21301	Mechanical engineers	ok		Suivez votre étoile ! Norda Stelo signifie Étoile du Nord, là où les possibilités sont infinies en matière d’innovation, de développement et d’engagement. Notre vision est collective et notre ADN sérieusement humain ! L’équipe derrière le génie Qu’il s’agisse d’automatisation, de programmation, de systèmes intelligents ou d’intégration de cellules robotisées sur des lignes de production, nous relevons avec enthousiasme les défis complexes qui exigent agilité, créativité et expertise technique. N	21390 22301 21301 21321 21310 20010 22302 21211 22310 51112 21399 92100 72201 21230 72429 72422 21231 72100 94213 21311
jobillico:17295650	jobillico	Laval	Non-Residential Building Evaluator	12203	Assessors, business valuators and appraisers	ok		Les défis qui vous attendent Sous l’autorité du chef de division, vous exercerez, en tant qu’évaluateur.trice agréé, dans l’un et/ou l’autre des champs de pratique de votre profession, tel que défini par l’Ordre des évaluateurs agréés du Québec. À cet effet, vous effectuerez tout mandat d’évaluation ou expertise d’évaluation, négocierez tout dossier d’évaluation avec le contribuable ou son représentant, rédigerez tout rapport d’évaluation, de justification, études, normes, procédures, devis de p	12203 22303 21200 13101 11109 11100 70011 22233 12011 21203 41101 12104 22210 13102 63101 12201 22230 22231 42102 41100
jobillico:17526033	jobillico	Calgary	Secure design analyst, deloitte global technology	21220	Cybersecurity specialists	ok		Secure Design Analyst, Deloitte Global Technology Posting Start Date: 9/14/26 Job Type: Permanent Work Model: Hybrid Reference code: 135034 Primary Location: Toronto, ON All Available Locations: Toronto, ON; Calgary, AB; Halifax, NS; Ottawa, ON Our Purpose At Deloitte, our Purpose is to make an impact that matters. We exist to inspire and help our people, organizations, communities, and countries to thrive by building a better future. Our work underpins a prosperous society where people can find	21220 21222 21231 22210 21201 21233 21234 21221 21200 21223 52121 22211 22212 22222 41402 11100 52120 21211 41310 32112
jobillico:17301032	jobillico	Markham	Soc physical design implementation lead	21311	Computer engineers (except software engineers and designers)	ok		WHAT YOU DO AT AMD CHANGES EVERYTHING At AMD, our mission is to build great products that accelerate next-generation computing experiences—from AI and data centers, to PCs, gaming and embedded systems. Grounded in a culture of innovation and collaboration, we believe real progress comes from bold ideas, human ingenuity and a shared passion to create something extraordinary. When you join AMD, you’ll discover the real differentiator is our culture. We push the limits of innovation to solve the wo	21231 22232 13201 43204 12013 92013 14402 20012 52121 22300 92021 72104 42203 94132 22211 54100 21311 22210 92023 00015
jobillico:17127154	jobillico	Trois-Rivières	Night Operator	94140	Process control and machine operators, food and beverage processing	ok		Tu es à la recherche d’un emploi stimulant dans un environnement dynamique? Depuis plus de 100 ans, notre entreprise familiale évolue avec passion dans le domaine de la transformation alimentaire! Cette opportunité est peut-être faite pour toi. En effet, nous sommes présentement à la recherche d 'un(e) opérateur(trice) de nuit à temps plein. Horaire : Quart de nuit de 4 jours par semaine (36 heures), de 22 h à 7 h, rémunérées 40 heures Joins-toi à l'équipe et commence ton nouveau défi très rapid	60031 94140 65211 94205 94107 70012 73301 94100 14405 65201 65320 75101 93101 22220 92101 13101 94131 13102 13201 94130
jobillico:17526627	jobillico	Souris	Recreation worker, uncertified	54100	Program leaders and instructors in recreation, sport and fitness	ok		QUALIFICATIONS * Grade 12 education (MB Standards) * Current Food Handler Training Certificate Level 1 or willing to obtain within 6 months * Experience working with the elderly, physically and/or cognitively disabled * Other combinations of suitable education and experience may be considered * Two (2) years recent relevant experience working directly with clients in a health care or recovery environment * Province of Manitoba Class 5 Drivers License * Proficiency with Microsoft programs (Outloo	53200 54100 50012 64322 42203 31121 41321 94143 95106 42201 60030 63200 31204 62020 65201 75101 21120 31202 41406 94140
jobillico:17512869	jobillico	Valcourt	Us customs analyst	13200	Customs, ship and other brokers	ok		We are looking for a US Customs Analyst who will report to the US Coordinator and be responsible for supporting U.S. import and export operations while serving as a key liaison with customs brokers, government agencies, and internal stakeholders. In this role, you will support BRP's U.S. customs compliance program by facilitating the continuous flow of goods while ensuring adherence to U.S. Customs and Border Protection (CBP) regulations and Partner Government Agency (PGA) requirements. You will	43203 13200 40011 14403 12102 21221 14402 41402 14400 12113 13201 11201 13102 94143 12104 12203 21222 14301 93200 41403
jobillico:17075501	jobillico	Montreal	Conseiller principal/directeur adjoint, services-conseils, comptabilité et divulgation financière	10029	Other business services managers	ok		Conseiller principal/Directeur Adjoint, Services-conseils, comptabilité et divulgation financière Posting Start Date: 2/19/26 Type de poste : Permanent Modèle de travail : Hybrid Numéro de demande: 130052 Recruteur: Pierre-Herve Chartrand Lieu principal : Montreal, QC Emplacements additionnels : Montreal, QC Notre raison d’être Chez Deloitte, notre raison d’être est d’avoir une influence marquante. Nous existons pour inspirer et aider nos gens, nos organisations, nos collectivités et nos pays à 	11102 62023 12011 00012 11202 10029 10021 10010 63102 12012 64101 00014 14200 10019 62022 64201 14301 41320 12010 41321
jobillico:13092747	jobillico	Kamloops	Clinical practice leader | pharmacy	30010	Managers in health care	ok		Position Summary Interior Health is seeking a Clinical Practice Leader | Pharmacy to join our Royal Inland Hospital Pharmacy Team in Kamloops, BC. If Pharmacy is your passion and you are a reliable, flexible and motivated individual interested in working in a dynamic, fast-paced environment, apply today! Who We Are Interior Health (IH) is committed to achieving a culturally diverse and inclusive workforce that is representative of the communities we serve, and where you are encouraged to bring y	31120 32124 33103 32101 52121 31102 41404 32120 31302 31301 12111 14102 41321 40010 22232 14101 11200 31201 31203 30010
jobillico:17508198	jobillico	Québec	Factory Day Laborer - Commission Agent	95101	Labourers in metal fabrication	ok		Le travail consiste à effectuer la préparation des pièces métalliques nécessaires pour les soudeurs-monteurs (découpage, perçage, meulage, finition de produit, peinture/primer, quincaillerie) ainsi que la préparation de certaines commandes pour les clients. La personne doit savoir prendre les bonnes mesures. Le candidat aura également comme tâche le chargement/déchargement de matériel (clients et réception de commandes d'acier) ainsi que d'entretenir l'atelier et la cour. Tâches à effectuer : Pr	95101 72010 94219 72103 94203 95109 14402 95102 94202 72405 94211 72104 94205 95104 95100 94213 94204 94210 72101 75101
jobillico:17144653	jobillico	Sherbrooke	Automation Design Technologist	22301	Mechanical engineering technologists and technicians	ok		Suivez votre étoile! Norda Stelo signifie étoile du Nord, là où les possibilités sont infinies en termes d’innovation, de développement et d’engagement. Notre vision est collective et notre ADN sérieusement humain! L’équipe derrière le génie Qu’il s’agisse d’automatisation, de programmation, de systèmes intelligents ou de l’intégration de cellules robotisées sur des lignes de production, nous relevons avec enthousiasme les défis complexes qui exigent agilité, créativité et expertise technique. N	22210 22212 22301 22302 51112 22300 32112 22310 52111 22211 22222 32120 52121 21231 20010 21321 21390 21200 22100 32129
jobillico:17501259	jobillico	Sainte-Marie	Accounts Payable Coordinator	12011	Supervisors, finance and insurance office workers	ok		Tu es reconnu(e) pour ta rigueur, ton sens de l’organisation et ta capacité à coordonner le travail d’une équipe? Tu aimes les environnements structurés, les processus clairs et les échanges professionnels avec les partenaires internes et externes? Viens laisser ton empreinte dans notre champ, au sein de notre équipe corpo! Postule dès maintenant!? Ton champ d’expertise Tu détiens un diplôme d’études collégiales en administration, comptabilité ou finance et cumules un minimum de cinq (5) années 	12011 14200 13102 31300 14202 13201 10010 60010 10012 12200 12013 11100 70021 12103 13100 10021 11200 10019 11102 22303
jobillico:17526639	jobillico	Alma	Deputy Superintendent, Thermal Power Plant and Thermomechanical Pulp	92011	Supervisors, petroleum, gas and chemical processing and utilities	ok		Domtar est un chef de file dans la fabrication de pâte, de papier, d’emballage, de papier tissu et de produits du bois. Grâce à notre engagement envers la sécurité et le développement durable, ainsi que l’excellence opérationnelle et notre réseau diversifié d’installations au Canada et aux États-Unis, nous offrons à nos clients du monde entier des produits de haute qualité à des prix concurrentiels. L’usine d’Alma, qui compte quelque 270 employés, fabrique plus de 120 types de papier d’édition (	92014 94121 72022 92013 73200 92022 92010 92011 13110 95104 92021 92023 93102 33103 95102 92015 94211 22221 95103 12010
jobillico:17509446	jobillico	Bathurst	Cognitive Behavioral Therapy (CBT) Psychotherapist	41301	Therapists in counselling and related specialized therapies	ok		Homewood Health™ recherche activement des professionnels de la santé mentale agréés intéressés à fournir des services en personne sur une base occasionnelle et contractuelle pour notre programme de soins de santé mentale améliorés Homewood Health™ à Nouveau-Brunswick. Ce que nous attendons de vous Fournir à notre clientèle un traitement de la dépression, de l’anxiété, des traumatismes ou de la toxicomanie à l’aide d’approches axées sur les solutions, la thérapie cognitive-comportementale et la t	31203 31200 41301 31202 41300 41321 32209 31204 32109 41404 32201 42203 42201 32200 33109 41400 64201 31201 44101 32103
jobillico:17485680	jobillico	Montréal	Team Leader - Night Shift			fail	abstain	Chef.fe d’équipe – Quart de nuit Sous la supervision et en collaboration avec les responsables clinique et des opérations, le/la chef d’équipe est la personne ressource qui veille au bon fonctionnement des activités d’intervention. La personne agit à titre de personne-référence dans l’application des protocoles et le respect des balises, soutien l’équipe d’intervention et assure le transfert des informations. La personne s’assure d’une opérationnalisation saine des services, des décisions optima	53200 54100 74201 72024 12013 14404 64314 60031 14405 52119 45100 62022 40041 72603 72602 64322 53201 14402 00015 92023
jobillico:16187596	jobillico	Coquitlam	Clinician, child & youth transition team	41301	Therapists in counselling and related specialized therapies	ok		Salary The salary range for this position is CAD $44.85 - $56.02 / hour Job Summary We are hiring a Casual Clinician, Child & Youth Transition Team to join our team in the Tri-Cities/Coquitlam/Port Coquitlam/Port Moody B.C. areas. We invite you to apply today and find out why employees recommend Fraser Health to their friends as an exceptional place to work. We are committed to planetary health, we value diversity in the work force and seek to maintain an environment of Respect, Caring and Trust	42201 41321 13102 41301 41300 32124 31120 31202 32120 31204 31203 32101 62100 65100 42203 31102 64101 41404 40030 33103
jobillico:17512908	jobillico	Trois-Rivières	Tractor Operator - Snow Removal - Neault Group	74205	Public works maintenance equipment operators and related workers	ok		Le Groupe Neault , situé à Trois-Rivières, propose une gamme de services spécialisés dans le transport et la manutention, offrant des solutions sécuritaires et professionnelles pour différents secteurs depuis plus de 20 ans. Parmi ses services, on retrouve : Déchargement de navires : Un service fiable et certifié pour assurer la sécurité des cargaisons, incluant le chargement et déchargement de navires. Entreposage sécurisé : Des installations adaptées pour stocker des matières sèches dans un en	74205 74201 74203 75119 75211 73300 83110 75101 64322 64313 75201 84110 74202 82021 73200 72021 72500 65312 72602 14404
jobillico:17375577	jobillico	High Level	Emergency med responder	32102	Paramedical occupations	ok		Emergency Health Services - Alberta (EHS) offers a career that supports your lifestyle while providing meaningful opportunities for professional growth and development. By joining EHS, you become part of a high-performing and supportive team committed to exceptional patient care. In addition to a competitive rate of pay, EHS currently has a Northern Allowance in place to an annual maximum of $6,300. This allowance is non-pensionable and is payable on an hourly basis for all hours paid at the bas	32102 11200 10011 12101 42102 33102 43204 21120 33109 44200 14102 22232 31301 43100 21310 14101 42101 42201 30010 62021
jobillico:16821030	jobillico	Laval	Reserve Warrant Officer	45100	Student monitors, crossing guards and related occupations	ok		Les défis qui vous attendent Travailler pour la sécurité publique des écoliers vous intéresse? Vous êtes disponible selon un horaire sur appel et aimez travailler dehors? Alors, joignez les rangs de notre brigade scolaire! Sous la supervision de votre responsable de la brigade scolaire, vous aurez le devoir d’assurer la sécurité des écoliers lors de la traversée de la voie publique. Plus précisément, votre rôle consistera à: Interrompre la circulation des véhicules au moyen de l’enseigne d’arrêt	45100 42100 64410 65101 43100 75212 65211 14404 64322 43201 73301 72024 14405 53202 74205 41320 41311 43200 74200 43203
jobillico:17519040	jobillico	Red Deer	Administrative support v	12010	Supervisors, general office and administrative support workers	ok		Would you enjoy leading a team in a fast paced, complex, change oriented environment that has an important impact on the delivery of front-line healthcare services? Scheduling Shared Services supports the day-to-day scheduling tasks of employees and managers. As the Scheduler Team Lead (STL) you will provide critical expertise in the daily operations of the staffing office by providing direction to staffing clerks, monitoring workloads and workflows in collaboration with the Scheduling Service C	12013 14405 12010 10019 13112 14402 13201 60031 14102 41300 40030 14100 42201 31300 10030 40019 62022 40010 22221 10029
jobillico:17510664	jobillico	Toronto	Senior visualization professional	21230	Computer systems developers and programmers	ok		Choosing Capgemini means choosing a company where you will be empowered to shape your career in the way you’d like, where you’ll be supported and inspired by a collaborative community of colleagues around the world, and where you’ll be able to reimagine what’s possible. Join us and help the world’s leading organizations unlock the value of technology and build a more sustainable, more inclusive world. The Power BI Lead is responsible for leading the design, development, governance, and support o	21231 20012 21234 00015 00012 21221 21211 21222 22211 41402 21232 22212 21201 21233 12102 10029 92013 21230 21311 21321
jobillico:17529534	jobillico	Shawinigan	Instrumentation/Electricity Technician	22312	Industrial instrument technicians and mechanics	ok		Relevant du superviseur en entretien, tu verras à installer, ajuster, entretenir, programmer et réparer des systèmes électriques, électroniques, pneumatiques, hydrauliques et des automates. Tu devras notamment : Repérer, diagnostiquer et réparer les pannes, les irrégularités et les défaillances des équipements électriques, de contrôle et d’automatisation; Maintenir l’harmonisation des programmes, assurer le bon fonctionnement et résoudre les problématiques liées aux contrôles centralisés des dif	22311 92021 72201 72011 72202 22312 72200 72422 92100 72020 22310 22313 72421 21310 72203 72205 94201 21301 72410 72429
jobillico:17525694	jobillico	Québec	Architecture Technician	22301	Mechanical engineering technologists and technicians	ok		Qui sommes-nous? Structures Ultratec se spécialise dans la fabrication de structures de bois préfabriquées. Il est un chef de file de l’industrie depuis plus de 40 ans grâce à ses structures de bois préfabriquées de qualité supérieure. Récipiendaire des Galons 2021 de la catégorie Inclusion et diversité en construction parmi les 3100 membres de L’Association des professionnels de la construction et de l’habitation du Québec (APCHQ). Sommaire du poste Le technicien en architecture est responsable	22210 21200 22300 22212 72013 22301 21201 52121 20011 22214 72010 72014 22303 21231 72104 22302 21311 52111 94211 72405
jobillico:17421177	jobillico	St. Marys	267-26 finance coordinator, regular part-time, st marys healthcare foundation	12011	Supervisors, finance and insurance office workers	ok		Position Finance Coordinator Department St. Marys Healthcare Foundation Job Location St. Marys, ON Posting # 267-26 Position Type Regular Part-time (Approx. 20 hours per week) Salary Range $31.90-$35.45 per hour 14% in lieu of benefits/pension 6%in lieu of vacation Union Non-Union Posted Date: August 7, 2026 Applications will be accepted until the position is filled. WHY IS ST MARYS HEALTHCARE FOUNDATION THE RIGHT FIT FOR YOU? We are dedicated to fostering philanthropy in our community to suppor	10010 10021 40030 10020 63102 11102 70012 12011 31300 13102 30010 11109 41404 00014 00012 31303 10029 00013 40010 10012
jobillico:17395922	jobillico	Montreal	Spécialiste du soutien technique – t&d	22310	Electrical and electronics engineering technologists and technicians	ok		Job Description: Joignez-vous à une équipe dynamique où votre expertise technique fait une réelle différence. Relevant du gestionnaire du soutien technique et conformément à l’engagement de notre entreprise envers l’excellence, vous offrirez un soutien pratique aux clients par téléphone, par courriel et lors de visites sur site. Vous deviendrez spécialiste de nos gammes d’équipements de test Transport, notamment les analyseurs SONET/SDH, les produits Datacom tels qu’Ethernet et Fibre Channel, ai	22221 62100 22222 51112 21222 21220 22213 22214 42102 21231 20012 21221 14100 22311 12113 22210 22310 72205 14404 10030
jobillico:17447025	jobillico	Calgary	Drilling technician student			fail	abstain	The Opportunity: Are you a student looking for an exciting opportunity that is full of meaningful, diverse, and ambitious assignments working alongside industry leading professionals? Build on your classroom knowledge through working with and learning from experienced industry professionals at one of Canada’s largest independent oil and gas producers. Join a company culture that fosters a fun working environment, developing meaningful relationships, and doing it right! Job location: Calgary, AB 	82021 84101 83101 72501 22101 85111 73402 22212 22210 22300 21332 42102 21330 22112 22301 51112 21331 22302 22214 22230
jobillico:16254709	jobillico	Valcourt	Press Operator	94105	Metalworking and forging machine operators	ok		Opérateur de Presse Envie de participer à la production de véhicules récréatifs connus à travers le monde? BRP a un poste d’ opérateur.trice de presse pour toi à son usine de Valcourt. Mets de l’action dans ton quotidien et viens travailler avec une équipe qui aime ça quand ça bouge. Tes avantages BRP, pour vivre ta vie pleinement. Salaire concurrentiel, selon l’expérience, de 30,81$ à 37,40$/h Primes de soir (2,66 $/h) et de nuit (3,39 $/h) Programme de bonification Équilibre de vie : jours fér	73401 94151 14112 94150 65211 93102 94121 94112 53111 64100 13102 72500 94100 95104 94105 94152 75201 94140 94107 94122
jobillico:17478387	jobillico	Montréal	Coordinator - External Dependency Services	40030	Managers in social, community and correctional services	ok		MISSION : La Maison Jean Lapointe est un organisme sans but lucratif dont la mission est d’améliorer la qualité de vie des personnes par le traitement, la prévention, le soutien et le partage des connaissances en matière de substances et de dépendances. Fondée il y a plus de 40 ans, la Maison Jean Lapointe est reconnue comme étant une institution incontournable dans le domaine de la prévention et le traitement des dépendances au Québec. Rôle du coordonnateur-coordonnatrice services en 	42203 40030 41407 31203 70021 40040 62021 31121 31300 44101 62200 43201 40042 42201 43204 41301 41321 54100 41404 41405
jobillico:17400081	jobillico	Red Deer	New equipment preparation technician	94219	Other products assemblers, finishers and inspectors	ok		The Opportunity The New Equipment Prep Technician is responsible for the assembly, preparation, and final setup of new heavy equipment prior to delivery to customers. This is not a traditional Heavy Equipment Technician (HET) role - it is focused on new machine builds, accessory installation, pre‑delivery preparation, and branding work within the shop. The technician ensures every new machine is professionally assembled according to build specifications and dealership standards before it goes to	72401 72405 73400 94204 74203 22301 62100 72021 94219 72010 22311 94202 72406 13201 72402 72020 94203 73200 92100 92023
jobillico:17526726	jobillico	Boucherville	Loader, customer assistance	65102	Store shelf stockers, clerks and order fillers	ok		At RONA, our employees let their passion blossom every day. Our teams are driven by the desire to help people bring their projects to life and are committed to making a difference in the communities we serve. We operate or service corporate and affiliated dealer stores. With a distinctive product and service offering and complementary store formats ranging from neighbourhood hardware stores to big box stores, our RONA+, RONA and Dick’s Lumber banners are well equipped to help meet the needs of a	65109 95104 73200 75119 95109 22221 75101 62101 64100 74203 14402 65102 95101 65210 95103 94107 95102 72010 14400 75201
jobillico:17530500	jobillico	Lanigan	Assessor coordinator degree			fail	abstain	Position # : 108486 Expected Start Date: October 04, 2026 Union: HSAS Facility: Lanigan Integrated Hospital City/Town: Lanigan Department: Home Support - Lanigan&Watrous Support Type: Part-time temporary Expected Up to Date: October 04, 2028 FTE: 0.64 Shift Information: Days Number of Hours per Rotation: 9 shifts of 8 hours per 3 weeks Relief: No Float: No Hours of Work: Field Hours Salary or Pay Band: Pay Band Assessor Coordinator - Degree $36.721 to $44.902 Travel Required: No Job Description:	31300 11200 44101 60031 62022 13102 12203 12101 13100 13101 12113 12011 40030 33102 14102 62021 42201 10019 12013 10011
jobillico:12160916	jobillico	Saguenay	Leasing Consultant	64100	Retail salespersons and visual merchandisers	ok		Tu es intéressé.e par les outils et la machinerie, en plus d'aimer être dans le service de la clientèle? Notre maximum pour toi : - Un salaire horaire compétitif pouvant aller de 22.20$ à 29.41$ avec augmentation annuelle significative - Une assurance collective et un régime retraite - Un horaire temps plein du lundi au vendredi de jour uniquement - Une équipe polyvalente et une ambiance inégalable - Un patron à l'écoute et humain - Des occasions d'apprentissage et des opportunités de carrière i	64100 62100 63101 64101 13101 64310 64201 62101 63102 41321 75101 12102 72010 52121 12203 11200 65109 14102 64409 95104
jobillico:17400792	jobillico	Val-d'Or	Trainer	22232	Occupational health and safety specialists	ok		Formateur en Santé et Sécurité Localisation : Mine Kiena Type de contrat : Poste permanent Horaire de travail : 43 (10hrs) Votre rôle en un coup d'œil Sous la supervision du surintendant en santé et sécurité, le formateur participera au développement du programme de formation et dispensera diverses formations aux employés. Ce rôle implique une combinaison de connaissances techniques et d’expérience, afin d’offrir une formation de qualité principalement aux départements des opérations sous terre,	22232 82020 53200 72010 54100 72104 84100 42203 85110 21120 53201 31204 92010 43201 72013 83100 72420 72021 31121 82021
jobillico:17505693	jobillico	Saint-Esprit	Workshop Storekeeper	14401	Storekeepers and partspersons	ok		Rejoignez Olymel - Innovation, qualité et développement durable ! Chez Olymel, nous croyons en l’innovation, la qualité et la croissance durable. Nous sommes à la recherche de Magasinier d'atelier pour rejoindre notre équipe dynamique. Si tu es motivé par un milieu de travail actif, que tu aimes collaborer et que tu souhaites contribuer concrètement à l’efficacité et à la qualité des opérations, cette opportunité est pour toi! Pourquoi Choisir Olymel ? Évolution et sécurité d’emploi : Bénéficie 	14401 65102 73201 75101 72010 94107 94204 94219 63220 53100 72311 62101 73111 21301 72020 95109 74204 94202 94121 14402
jobillico:17512920	jobillico	Toronto	Analyst, credit risk models	21223	Database analysts and data administrators	ok		Analyst, Credit Risk Models Posting Start Date: 9/9/26 Job Type: Temporary Contract Work Model: Hybrid Reference code: 134945 Primary Location: Toronto, ON All Available Locations: Toronto, ON Our Purpose At Deloitte, our Purpose is to make an impact that matters. We exist to inspire and help our people, organizations, communities, and countries to thrive by building a better future. Our work underpins a prosperous society where people can find meaning and opportunity. It builds consumer and bus	21200 41321 12102 21220 41402 11101 11109 21222 41403 41401 21103 11103 41406 11100 62101 11201 21223 11200 14301 21211
jobillico:17290808	jobillico	Dorval	Mechanical maintenance technician	72401	Heavy-duty equipment mechanics	ok		Hello, my name is Anthony Chacon, Recruitment Consultant at FED ManuTech, specializing in engineering, manufacturing and technical positions. I am currently recruiting for a pharmaceutical manufacturing company seeking a Mechanical Maintenance Technician to join its maintenance team. This is an excellent opportunity for someone looking to grow their technical skills while working with automated production equipment in a stable and well-established manufacturing environment. Mission Your Role : R	21301 22301 72423 72410 72401 51112 72020 32124 22312 72404 94204 72429 72422 22302 73201 94107 72402 72100 42102 72405
jobillico:17504700	jobillico	Lévis	Technicien(ne) en administration non syndiqué(e) - ressources humaines	14102	Personnel clerks	ok		Travailler au Cégep de Lévis C’est partager son quotidien avec près de 3000 étudiantes et étudiants et travailler dans un milieu de vie stimulant, où l’on valorise le respect et l’entraide. C’est vivre une expérience professionnelle motivante, qui amène à réaliser ses propres objectifs et à obtenir la reconnaissance de ses aptitudes et de ses compétences. C’est faire partie d’une équipe dynamique comptant quelque 600 personnes, qui ont à cœur la santé et le bien-être au travail. IDENTIFICATION D	10011 12101 14102 13102 11200 12200 12112 22221 92011 42203 13110 20012 40019 22210 13101 14405 52100 22214 51112 42102
jobillico:17511756	jobillico	Victoriaville	Support Worker	33102	Nurse aides, orderlies and patient service associates	ok		Nous sommes actuellement à la recherche de préposés(es) aux bénéficiaires pour nos nouvelles unité à notre Pavillon du Verger à Victoriaville. Le rôle du préposé aux bénéficiaires est primordial pour nos résidents. Par leur respect , leur discrétion et leur intégrité , ils transforment le quotidien de nos résidents en leur assurant la sécurité et le bien-être . Plus concrètement le préposé devra : Prodiguer des soins d’hygiène aux résidents; Distribuer la médication selon le plan de soin établi;	44101 14100 42201 75119 42204 65210 22221 85110 41300 95104 62029 33102 75110 95109 12113 41311 95100 32102 65200 84100
jobillico:17395118	jobillico	Ottawa	Asic digital design, architect	21301	Mechanical engineers	ok		Date posted 07/27/2026 Category Engineering Hire Type Employee Job ID 18260 Base Salary Range $165000-$248000 Remote Eligible Yes Date Posted 07/27/2026 Note: This position is posted for Markham, but it is open to candidates across Canada, including Mississauga, Nepean, and Ottawa. The role can be hybrid or fully remote depending on your location and preference. We Are Synopsys is the leader in engineering solutions from silicon to systems, enabling customers to rapidly innovate AI-powered produ	21231 22210 22212 21220 52121 52120 21311 21310 21200 22301 22302 22211 43204 21301 92021 21234 21222 21233 22310 20012
jobillico:17072396	jobillico	Saints-Anges	Wood Structures Technician	22301	Mechanical engineering technologists and technicians	ok		TON QUOTIDIEN AU TRAVAIL Prendre connaissance des plans du projet et analyser les spécifications techniques. Concevoir des structures en ossature légère de bois conformément aux normes internes et aux exigences du projet. Collaborer étroitement avec les chargés de projet afin d’assurer la cohérence des informations et le respect des échéanciers. Apporter les ajustements nécessaires aux concepts et garantir la conformité des dessins aux spécifications techniques. Réaliser les plans de présentatio	22210 22300 22112 22212 21200 72013 22301 72104 72310 94124 94211 51112 72311 21201 94129 52121 70011 21300 22302 72010
jobillico:17514093	jobillico	La Tabatière	Civil Project Coordinator - Remote Region and Bridge Construction	70010	Construction managers	ok		Deric est présentement à la recherche d’un(e) chargé(e) de projet civil! Nous travaillons actuellement sur deux chantiers d’envergure sur la Basse-Côte-Nord, qui consistent pour le premier à prolonger la route 138 entre Tête-à-la-Baleine et La Tabatière, et pour le second, à rehausser et remettre à niveau la route 138 à Tête-à-la-Baleine. Ce projet inclut des travaux majeurs de construction de ponts, et nous recherchons un(e) candidat(e) ayant une solide expérience dans ce domaine. Il s’agit d’u	21300 22300 22303 70011 72602 22233 14405 72021 22210 21200 40019 41407 41321 14404 22214 21201 72011 42201 70010 40010
jobillico:17503113	jobillico	Vancouver	Adobe engineer	21230	Computer systems developers and programmers	ok		Choosing Capgemini means choosing a company where you will be empowered to shape your career in the way you’d like, where you’ll be supported and inspired by a collaborative community of colleagues around the world, and where you’ll be able to reimagine what’s possible. Join us and help the world’s leading organizations unlock the value of technology and build a more sustainable, more inclusive world. Job Description *** Please note that only candidates currently residing in British Columbia (BC	21231 20012 21232 21234 21230 21311 22212 21310 43204 14111 21211 22300 22221 22302 22301 22210 41321 42102 21321 21320
jobillico:17488263	jobillico	Québec	Civil Engineering Intern	21300	Civil engineers	ok		But du poste Les Candidats à la profession d'ingénieur (CPI) planifient, conçoivent, élaborent et surveillent des projets de construction d’éléments de génie civil, sous la supervision de l’équipe d’ingénieurs civils. Tâches et responsabilités planifier et concevoir des ouvrages de génie civil, tels que des routes et chemins, des réseaux d’égout sanitaire et pluvial, des réseaux d’aqueduc, des infrastructure de bâtiments (stationnement, branchements, etc.), des systèmes de mécaniques de pompage,	21300 22300 21321 21320 21331 22233 21311 70010 21399 22302 21301 22212 21310 72200 20010 22303 21200 72400 22100 22301
jobillico:17088425	jobillico	Toronto	Remote - sharepoint architect, professional services	21222	Information systems specialists	ok		Why you’ll love Softchoice: We are a software-focused IT solutions and services provider that equips organizations to be agile and innovative, and for their people to be engaged, connected, and creative at work. That means moving them to the cloud, helping them build the workplace of tomorrow, and enabling them to make smarter decisions about their technology. By doing these things we help them create success for their customers and their people. We stand proudly for our people and support their	21231 21200 21222 21201 22210 21221 51102 21233 52121 42201 41403 22212 21220 21234 21232 00012 41400 13100 22211 41407
jobillico:17531214	jobillico	Québec	Construction Broker	74102	Couriers and messengers	ok		Performa Immobilier est une entreprise qui maîtrise l'ensemble du cycle immobilier, en prenant en charge chaque étape : la prospection, l’acquisition, le développement, la construction et la gestion immobilière. Forte de plus de dix ans d’expérience, notre entreprise se spécialise dans le développement de projets multi-résidentiels dans la région de Québec et ses environs. Notre mission principale est d’offrir un service de qualité à nos locataires, un soutien complet à nos partenaires, et d’éta	13101 70010 70011 12102 22303 63101 10020 22233 72014 75110 75101 14402 72021 14400 13200 11103 21200 72013 10012 74102
jobillico:17524707	jobillico	Québec	Practical Nursing Lab Technician	41201	Post-secondary teaching and research assistants	ok		Le Cégep Limoilou est à la rercherche d'une technicienne ou d'un technicien en travaux pratiques en soins infirmiers (poste régulier à temps partiel) Voir grand! Tel est notre engagement au Cégep Limoilou. Un établissement d'enseignement supérieur qui croit au potentiel de chaque personne et à la grandeur en devenir, pour contribuer à l'évolution de notre communauté. Le Cégep Limoilou, c'est un milieu de vie et d'apprentissages dynamique, humain, stimulant et innovant. À titre de technicienne ou	32101 32120 32124 51112 22100 33101 41201 31302 41210 31301 33103 22312 32102 32104 92011 22300 32123 52100 32109 22302
jobillico:17201269	jobillico	Burlington	Senior analyst indirect tax - recovery			fail	abstain	Senior Analyst Indirect Tax - Recovery Posting Start Date: 5/20/26 Job Type: Permanent Work Model: Hybrid Reference code: 133406 Primary Location: Burlington, ON All Available Locations: Burlington, ON Our Purpose At Deloitte, our Purpose is to make an impact that matters. We exist to inspire and help our people, organizations, communities, and countries to thrive by building a better future. Our work underpins a prosperous society where people can find meaning and opportunity. It builds consume	12104 42203 11100 13102 21222 00012 41321 41402 12203 11103 21221 14202 21211 00015 11201 41311 62101 21220 41406 41403
jobillico:1483131	jobillico	Québec	Technical Advisor - Mechanical			fail	abstain	Nous sommes actuellement à la recherche d'un(e) conseiller(e) technique afin de joindre notre équipe. Sous la responsabilité du directeur du service, la ou le conseiller(e) technique établit la relation de confiance avec le client pour l'entretien de leur véhicule et guide ceux-ci dans le processus d'entretien préventif de leur véhicule. Principales tâches : Accueillir et conseiller les clients du service après-vente Identifier les besoins techniques des clients et établir les ordres de réparati	62100 22221 51112 22301 72410 21301 22312 22210 72429 72423 32109 22302 22100 22311 22214 32104 64100 22300 22211 72421
jobillico:10866294	jobillico	Plessisville	After-Sales Service Project Coordinator	12013	Supervisors, supply chain, tracking and scheduling coordination occupations	ok		Les avantages Des assurances collectives payées à 50% incluant médicaments, paramédical, assurance vie, assurance salaire longue durée, assurance voyage et plus! Programme d’aide aux employés – consultation pour santé mentale, difficulté familiale, questions juridiques et bien plus! Régime de retraite (RRS) - On cotise avec toi! Une conciliation vie personnelle/travail – horaires flexibles en début et fin de journée pour aller chercher tes enfants, on comprend ça! Tu veux avoir la possibilité de	60031 62022 60010 31300 12103 11200 62010 40030 41300 62100 42201 12013 82021 22232 64101 10011 12102 92020 10029 62023
jobillico:17215271	jobillico	Kelowna	Co-op or intern, financial reporting & insights (bc interior offices) may 2027			fail	abstain	Putting people first, every day BDO is a firm built on a foundation of positive relationships with our people and our clients. Each day, our professionals provide exceptional service, helping clients with advice and insight they can trust. In turn, we offer an award-winning environment that fosters a people-first culture with a high priority on your personal and professional growth. Your Opportunity Our Kelowna, Kamloops, Revelstoke, Salmon Arm & Vernon offices are looking for Co-op or Intern St	41402 11100 63102 52121 12011 42203 62023 11109 12104 21221 13102 41311 42201 11201 14200 41321 12101 10021 14111 13100
jobillico:10127260	jobillico	Quebec City	Conducteur(trice) minibus scolaire	73301	Bus drivers, subway operators and other transit operators	ok		Nous sommes à la recherche de chauffeur / chauffeuse de minibus scolaire! Possibilités Effectuer le transport des élèves du primaire et du secondaire le matin et en fin de journée; Transporter des groupes dans le cadre de voyages parascolaires et nolisés; Conduire des véhicules adaptés aux personnes handicapées. ​ Ce que nous offrons Une formation adaptée à vos besoins; Les meilleures conditions salariales de la région; Un minimum d'heures garanties; Un horaire de travail flexible; Une flotte d'	73301 75200 72024 14405 75201 73300 45100 70020 43109 42203 41220 43100 64320 74101 41320 72023 72410 40021 53201 41221
jobillico:14020989	jobillico	Surrey	Dietitian, home health/primary and community care/urgent primary care centre - surrey/gateway home health	31121	Dietitians and nutritionists	ok		Salary The salary range for this position is CAD $43.23 - $53.96 / hour Job Summary We’re hiring Casual Dietitians to join our Home Health/Primary and Community Care/Urgent Primary Care Centre teams covering Surrey, BC. Surrey is one of Canada’s fastest growing cities and its land mass makes it one of the largest cities in the province, equal to the size of Vancouver, Richmond and Burnaby combined. Known as the City of Parks, Surrey has over 6,000 acres of parkland and 15 golf courses and drivin	31121 62020 63200 32129 65100 42201 75201 63201 65201 41321 31120 44101 40030 44100 62200 44200 33102 60030 65200 31102
jobillico:17481276	jobillico	Toronto	Advanced practice clinical leader- forensics admin			fail	abstain	You will support point-of-care staff in the implementation and evaluation of best practices in the care of clients with psychiatric illnesses, concurrent substance use, and forensic histories. You will have extensive knowledge of Forensic mental health including assessment of risk and risk management practice. You will role model clinical practice in complex care situations; engage in direct care activities for complex and high-risk clients; support interprofessional collaborative care, academic	31302 32102 30010 33103 40030 32101 40020 31102 41404 32124 40010 31300 31100 31120 32103 31303 40019 00012 92011 92023
jobillico:17413194	jobillico	Hamilton	Fsqa process leader	94143	Testers and graders, food and beverage processing	ok		The Opportunity: The FSQA Process Leader role at the Heritage facility will be responsible for ensuring compliance to food safety and quality systems within their assigned area (e.g. Formulation/Stuffing, Slicing/Packaging, Palletizing). Any MLF team member interested in being considered for this role are encouraged to apply online by. Applications received beyond that date are not guaranteed consideration. Reason for vacancy: Existing Headcount Base Salary: $47,000 - $69,000 CAD base pay annual	92014 92011 95100 92012 94143 94121 93101 92010 94104 94140 54100 95102 95103 95106 14402 92023 21222 92022 11100 93100
jobillico:17510622	jobillico	Toronto	Leader - ai compliance, audit & risk			fail	abstain	Application Deadline: 10/30/2026 Address: 100 King Street West Job Family Group: Audit, Risk & Compliance HYBRID WORK MODEL Supports a state-of-the-art, sustainable, defensible operating environment anchored to key risk-governance and regulatory expectations; grow ARC’s culture of proactive, practical risk management; and insulate and defend ARC against the impacts of external scrutiny through a multi-disciplined approach to capturing and sharing knowledge, understanding and mitigating risk, and	12202 12100 40030 13100 41400 22232 12102 12011 21200 13111 22210 54100 42201 14301 00015 41321 12101 00013 11200 12013
jobillico:17527821	jobillico	Lachine	Dispatch assistant - fastfrate group (lachine)	14402	Production logistics workers	ok		Fastfrate est un employeur souscrivant au principe de l’égalité d’accès à l’emploi et s’engage à créer un milieu de travail diversifié, inclusif et accessible. Nous encourageons les femmes, les membres des minorités visibles, les peuples autochtones, les personnes en situation de handicap ainsi que toutes les personnes qualifiées à soumettre leur candidature. Si vous avez besoin de mesures d’adaptation à une étape quelconque du processus de recrutement, veuillez communiquer avec nous à accessibi	14404 42203 75201 44101 65201 42201 72405 13201 65210 12101 14400 75119 95109 14402 22221 72012 42200 12100 72024 13111
jobillico:17321516	jobillico	Québec	Environmental and Contaminated Soil Management Technician (Quebec Office)	22101	Geological and mineral technologists and technicians	ok		Chez Groupe Conseil UDA , nous plaçons l’humain au cœur de notre mission. Notre équipe multidisciplinaire rassemble des personnes passionnées, engagées et animées par le respect de l’environnement et des milieux naturels et agricoles. Ensemble, nous contribuons à des projets qui permettent de développer, dans le respect des milieux , les collectivités et les territoires du Québec. Notre approche repose sur l’intégrité, la rigueur et la collaboration, afin de proposer des solutions durables et re	20011 21120 22221 41400 21203 22112 42102 21112 22300 21202 92011 20012 22210 31121 22101 21201 21320 22214 64201 00015
jobillico:17382780	jobillico	Québec	Engineering Candidate, Mechanical Engineering	21300	Civil engineers	ok		Chez PLURITEC, nous sommes bien plus qu'une entreprise d'ingénierie. Depuis 1972, nous réalisons des projets emblématiques grâce à nos 200 ingénieurs et techniciens spécialisés. Nous allions expérience, compétence et dynamisme dans les domaines de la mécanique, de l'électricité, de la structure, du génie civil et du génie environnemental. Nous bâtissons des solutions sur mesure qui répondent aux besoins de chaque client. Notre mission : Concevoir avec ingéniosité, l'avenir de nos communautés. Po	21301 21321 22301 21322 22302 21399 72422 21310 20010 21320 21300 92100 72402 72423 22312 72300 21331 51112 72406 21332
jobillico:17485956	jobillico	North Battleford	Field operations associate ii - north battleford, sk			fail	abstain	Work Location Type: Remote About Grainger W.W. Grainger, Inc. is a leading broad line distributor with operations primarily in North America and Japan. At Grainger, We Keep the World Working® by serving more than 4.6 million customers worldwide with maintenance, repair and operating (MRO) products and value-added solutions delivered through innovative technology and deep customer expertise. Known for its commitment to service and purpose-driven culture, the Company reported 2025 revenue of $17.9	43204 70012 75119 73400 33102 84110 13101 33103 72405 72105 84100 65211 14404 12113 72603 22214 72500 65210 94205 94153
jobillico:17514363	jobillico	Montmagny	Butcher	63201	Butchers - retail and wholesale	ok		Deviens boucher ! Tu es curieux d’en apprendre un peu plus sur la bouffe, tu es motivé et débrouillard ? Dans ta famille on te considère comme l’expert dans la cuisson et la coupe de la viande ? Alors ce job devrait t’intéresser ! Tu te demandes peut-être si tu peux postuler si… Tu n’as jamais été boucher, mais tu veux relever de nouveaux défis ? OUI ! En autant que ça t’intéresse de découvrir ce rôle, on veut te parler !!! Tu as un diplôme d’études professionnelles en boucherie, de l’expérience	63201 63202 65200 94141 63200 62200 94143 62101 72103 65201 65100 65202 95106 95105 72300 64301 60030 75201 92012 85100
jobillico:17409135	jobillico	Repentigny	Construction/Roofing Estimator	22303	Construction estimators	ok		Revêtements Métalliques Fortin inc. est une entreprise québécoise spécialisée dans l’installation de revêtements métalliques architecturaux pour les secteurs commercial, industriel et institutionnel. Reconnue pour la qualité de son travail, son professionnalisme et son savoir-faire sur les chantiers, l’entreprise collabore notamment avec MultiPlis pour l’installation de panneaux et systèmes muraux métalliques fabriqués sur mesure. Travailler chez Revêtements Métalliques Fortin inc., c’est intégr	22303 73200 72104 73110 72406 72010 75110 94210 72014 72405 72102 73113 72021 73100 94104 72310 72321 70011 72100 21322
jobillico:16288990	jobillico	Thetford-Mines	Audioprosthetist - thetford mines			fail	abstain	MY CAREER WITH LOBE CLINICS Join a human network where every action is guided by values that form the acronym LISTEN: engagement, creativity, optimism, uniqueness, tenacity, mutual aid, and rigor. Your Role For us, the role of an audioprosthetist goes beyond hearing aids: Raise awareness among patients about the impacts of hearing loss and inform them about possible solutions. Explain the results obtained during their hearing evaluation (audiogram). Present the available technologies for hearing	31112 32109 33109 41321 32100 31303 42203 31111 41400 32112 31100 32122 32110 31203 72204 73102 32129 41404 12110 51114
jobillico:17500719	jobillico	Saint-Bruno-de-Montarville	Avocate ou avocat	41101	Lawyers and Quebec notaries	ok		T-2144-020-2627-89943 LIEU DE TRAVAIL : Centre administratif Roberval - Saint-Bruno-de-Montarville STATUT : Temporaire à durée indéterminée (6 mois avec possibilité de prolongation), temps plein EMPLOI – ÉCHELLE : 2144 - 56 670 $/an à 100 410 $/an Vous faites preuve de leadership, d’ouverture et d’engagement ? Ça tombe bien, ce sont justement les valeurs qu’on véhicule. Ici, l’évolution, les possibilités et le climat de travail bienveillant sont au cœur de notre quotidien. Découvrez pourquoi vou	41101 13111 53200 42200 64101 13102 21210 53121 42203 12203 53202 52114 13100 21200 12110 51111 32100 41321 12104 51102
jobillico:17499315	jobillico	Halifax	Portfolio analyst	11101	Financial and investment analysts	ok		Application Deadline: 09/24/2026 Address: 1675 Grafton Street Job Family Group: Commercial Sales & Service Analyzes credit information to support lending decisions and processes for new and existing Commercial banking loans and credit solutions in an assigned portfolio of clients. Makes credit decisions and recommendations in compliance with bank policies and procedures while maintaining an exceptional client service environment. Performs financial analysis and calculations, assesses client cred	11101 63102 11102 12102 10021 21222 21221 11109 21200 11201 41321 11103 64101 14201 12202 41403 12203 11202 42201 14403
jobillico:17302214	jobillico	Fredericton	Cost control lead job details | aecon	13201	Production and transportation logistics coordinators	ok		Come Build Your Career at Aecon! Aecon delivers some of the most complex and impactful infrastructure projects from transformative transportation networks to critical energy, industrial and nuclear programs. The projects we build connect communities and power future generations. With deep roots in North America and a strong footprint internationally, Aecon brings global expertise and proudly serves public and private sector clients through its Construction and Concessions segment. Safety Always 	00015 14403 22232 21300 13201 72600 21301 21321 41321 12013 70010 72601 21320 41405 22233 22300 22303 12102 14402 21200
jobillico:17521836	jobillico	Lévis	Technical Advisor - 4 days/36 hours	62100	Technical sales specialists - wholesale trade	ok		Vous aimez l’automobile, mais surtout le contact avec les clients? Vous avez le talent pour vulgariser les besoins mécaniques d’un véhicule et mettre les clients en confiance? Notre client, une concession automobile bien établie au cœur de Lévis, est à la recherche d’un aviseur technique pour se joindre à une équipe stable, professionnelle et conviviale. Dans ce rôle, vous serez le lien essentiel entre les clients et l’équipe de techniciens. Votre écoute, votre capacité à bien conseiller et votr	62100 51112 72410 22221 22210 22301 72411 64101 64100 32109 65101 12201 52113 22311 33109 72020 33103 75119 14405 22214
jobillico:17493378	jobillico	Alma	Class 1 Food-Grade Tanker and Dry Box Driver	73300	Transport truck drivers	ok		Nutrinor agroalimentaire est à la recherche d'un transporteur ou d'une transporteuse de classe 1 pour la Laiterie d'Alma. Relevant du coordonnateur du transport de la laiterie et en collaboration avec l'équipe en place, le titulaire du poste effectuera la collecte de lait à la ferme ainsi que la distribution des produits finis dans la région du Saguenay-Lac-Saint-Jean et à travers le Québec. Nutrinor, c'est plus que Nutrinor : c'est l'innovation, la coopération, la stabilité et des possibilités 	73300 75201 95106 75101 75211 74101 95109 14402 74202 94143 95102 65312 75100 85100 13201 65320 14400 72023 74203 14404
jobillico:17451246	jobillico	Quebec City	Technicien(ne) de service d'équipement			fail	abstain	Sommaire du Poste Avez-vous des aptitudes mécaniques et aimez-vous le travail manuel ? Appréciez-vous un horaire flexible et le travail autonome ? Vous épanouissez-vous dans un environnement dynamique où vous pouvez faire une différence chaque jour en participant à la résolution des problèmes complexes et en offrant une expérience client exceptionnelle ? Si vous souhaitez évoluer au sein d'une entreprise reconnue et avoir des possibilités concrètes d'avancement, joignez-vous à notre équipe en pl	62100 22311 22221 72205 22214 72410 22222 72421 42102 51112 75119 72429 32124 22301 22312 43204 72423 22213 52112 64400
jobillico:17484006	jobillico	Toronto	Dialysis assistant in-centre wilson	32109	Other technical occupations in therapy and assessment	ok		Position Profile Humber River Health. Lighting New Ways In Healthcare. Since opening our doors in 2015 as North America’s first fully digital hospital, we remain unwavering in our belief that we can change the hospital where we work, the community where we live, and the world of healthcare beyond our borders. Serving a community of 850,000 residents in North West Toronto, Equity Inclusivity and active participation in the North West Toronto Ontario Health Team are key initiatives important to ou	42201 33109 31303 42203 32120 33102 40030 30010 32104 32109 12111 33101 44101 41404 11200 32102 31301 22221 32103 12101
jobillico:17510178	jobillico	Sept-Îles	Matelot(-e) - orcn	74201	Water transport deck and engine room crew	ok		TU SOUHAITES TE JOINDRE À UNE ENTREPRISE DE GRANDE ENVERGURE DANS LAQUELLE TA CONTRIBUTION SERA RECONNUE? LIS LA SUITE, CETTE OFFRE EST PARFAITE POUR TOI! Nous recherchons activement un matelot pour manipuler des câbles de diverses dimensions afin de procéder à l’accostage et à l’appareillage du remorqueur et des navires assistés. Il assure également toutes les opérations d’entretien des remorqueurs. Il sera appelé à travailler à nos opérations sur la Côte-Nord. POURQUOI MONTER À BORD? Horaire d	43204 83121 72603 83120 72602 95107 22113 74201 75210 84121 14400 94120 64200 42102 85102 75100 14202 42203 44200 72106
jobillico:17499246	jobillico	Saint-Charles-sur-Richelieu	Emergency Response Technician			fail	abstain	Chez Groupe Conseil UDA , nous plaçons l’humain au cœur de notre mission. Notre équipe multidisciplinaire rassemble des personnes passionnées, engagées et animées par le respect de l’environnement et des milieux naturels et agricoles. Ensemble, nous contribuons à des projets qui permettent de développer, dans le respect des milieux , les collectivités et les territoires du Québec. Notre approche repose sur l’intégrité, la rigueur et la collaboration, afin de proposer des solutions durables et re	22221 22311 42102 32103 32102 22112 51112 22210 22310 22300 41400 41321 22214 22230 64201 22301 62100 32104 32109 21120
jobillico:17421417	jobillico	Laval	Financing account representative	14201	Banking, insurance and other financial clerks	ok		A career as a financing account representative at National Bank is a job where your ability to work in synergy with several partners is highlighted. With your excellent customer relations and your productivity, you take care of all their specific needs. Your job: Open commercial files and assist clients in their various financing transactions (assistance in the preparation of legal documents and credit facility disbursements) Perform audits and analyses to ensure the accuracy of financial inform	63102 64400 64101 11102 14201 10021 11100 11101 62023 10010 14200 64409 12200 12011 62100 60010 64100 11109 21112 63101
jobillico:17504100	jobillico	Victoriaville	Production Operator	94140	Process control and machine operators, food and beverage processing	ok		Lactalis Canada est présentement à la recherche d’un opérateur de production afin de se joindre à son équipe de Victoriaville. Principales tâches du poste : Faire fonctionner les équipements de production de façon autonome Lire, interpréter et appliquer les recettes de production Effectuer adéquatement la prise d’échantillons Saisir les données de production et de qualité dans les systèmes informatiques Respecter les procédures standards d’opération Se conformer aux exigences reliées à la santé 	94140 14402 93101 13201 94110 95102 93100 43204 92101 94205 94102 94100 70021 94143 95106 94121 92012 94151 90010 94150
jobillico:17481420	jobillico	Peterborough	Lead controls engineer	21310	Electrical and electronics engineers	ok		Job Description Summary GE Vernova Power Conversion & Storage is seeking an enthusiastic electrical engineer to join a small team of excitation controls and systems engineers in Peterborough, Ontario, in the application, specification, and design of Power and Control hardware and software for large custom-built motors, generators, and related equipment. We cover a wide range of industrial applications including Petrochemical, Metals, Generation, Marine, Mining, and Materials Handling and Process	21310 92100 22310 21321 72202 20010 92021 72422 72603 21301 93101 22301 94201 43204 72201 22302 21231 21311 94205 94140
jobillico:17450415	jobillico	Waterloo	Sales strategic initiatives lead (project delivery & execution)			fail	abstain	The Strategic Initiatives Lead is a project-focused role responsible for driving the planning, coordination, and execution of high-priority Sales Enablement and Effectiveness initiatives at Manulife Bank. We are seeking a highly organized, self-directed professional with strong project management capabilities who can translate strategic objectives into structured work plans, coordinate stakeholders, proactively resolve challenges, and ensure successful delivery of business outcomes. Acting as an	00012 00013 60010 10021 00015 00014 10012 63102 62100 54100 60020 12100 41402 12102 62010 00011 10020 64101 40019 62023
jobillico:17524845	jobillico	Saint-Germain-de-Grantham	Ouvrier climatique / tuyauteur	72402	Heating, refrigeration and air conditioning mechanics	ok		Et si tu changeais d’air ? Chez Annexair, tu contribueras à la fabrication de systèmes HVAC sur mesure destinés à certains des plus grands joueurs au monde : Marriott, Facebook et même Universal Studio. Chaque projet est unique. Chaque journée a un impact. En plus, ton travail contribue à des solutions plus écoénergétiques et plus durables. Arrête de chercher, la suite commence ici! Ce qu'on t'offre Salaire d’entrée de 31,56$ Augmentation salariale progressive selon le nombre d'heures travaillée	72402 73200 65100 21103 72321 52114 22301 52121 65312 51112 73110 75119 73201 14405 63221 22214 73111 22303 84111 64200
jobillico:17411895	jobillico	Beauceville	Driver / Delivery Person	75201	Delivery service drivers and door-to-door distributors	ok		Rechapage 2000 inc. est une entreprise de rechapage de pneus de camions lourds, avec une très belle équipe qui a le soucis du bien être de ses employés ! Effectuer la livraison et le ramassage des pneus , Vérifier l'état du véhicule avant déplacement,	75201 14404 75200 14400 73300 74102 75101 74101 74203 14405 73301 14402 13201 65312 65101 95106 42203 12013 14401 70020
jobillico:17525784	jobillico	Marieville	Sales, Planning and Export Coordinator	13201	Production and transportation logistics coordinators	ok		Les ventes promettent. La production fabrique. La logistique livre. Et entre les trois, il faut quelqu’un qui garde tout le monde aligné. Chez Palmex pour Rougié, nous évoluons dans un environnement agroalimentaire où les priorités peuvent changer rapidement : une commande s’ajoute, un client modifie son besoin, une expédition internationale doit être préparée, un stock doit être surveillé ou une production ajustée. Nous recherchons donc un(e) Coordonnateur(trice) aux ventes, planification et ex	13201 70021 12103 12013 60010 62010 14402 14403 60020 10012 11200 64101 72025 62022 12102 92012 92013 62101 90010 54100
jobillico:17497170	jobillico	Saint-Georges	Laminator			fail	abstain	Tu as le souci du détail? Tu aimes le travail bien fait? Tu cherches un emploi stable et bien rémunéré? Tu as de l'expérience en laminage? Joins-toi à notre équipe! Dimension Composite est présentement à la recherche d’un lamineur(e) pour : Appliquer le fibre de verre et la résine dans les moules à l'aide de rouleaux afin de lui donner la forme voulue et de créer les pièces Éliminer les bulles d’air à l’aide de rouleaux débulleurs et de pinceaux afin d’obtenir la qualité de laminage selon les cr	53125 72010 73111 73102 94150 94202 95101 72320 94152 72321 92022 72406 72311 72102 94201 73200 94151 72103 72013 72104
jobillico:17334794	jobillico	Québec	Service Electromechanic - Oil Industries			fail	abstain	Imaginez-vous chez nous! Tu aimes résoudre des problèmes et souhaites te développer dans un tout autre domaine en tant qu’électromécanicien? Tu es une personne débrouillarde et autonome, et le service à la clientèle n’a plus de secret pour toi? SM Construction inc., entreprise spécialisée en installation pétrolière et en construction commerciale, est actuellement à la recherche d’un technicien de service (électromécanicien) pour son département de service Énergies, desservant une clientèle œuvra	72422 72420 22311 72201 72410 22301 21301 22310 72421 22312 21310 73200 72200 72202 72010 72203 92100 22302 72603 42102
jobillico:17453415	jobillico	Toronto	Analyst intern, investigations & disputes - winter 2027 - multiple locations	11109	Other financial officers	ok		Analyst Intern, Investigations & Disputes - Winter 2027 - Multiple Locations Posting Start Date: 8/19/26 Job Type: Co-op/Intern Work Model: Hybrid Reference code: 134419 Primary Location: Toronto, ON All Available Locations: Toronto, ON; Calgary, AB; Montreal, QC; Ottawa, ON; Vancouver, BC Our Purpose At Deloitte, our Purpose is to make an impact that matters. We exist to inspire and help our people, organizations, communities, and countries to thrive by building a better future. Our work underp	11101 52121 12102 21220 72403 41403 11109 41311 21223 41310 22231 51114 62101 51113 94133 12201 22230 41401 21222 21211
jobillico:17380377	jobillico	Parry Sound	Merchandising execution associate part time - 7226 parry sound	64100	Retail salespersons and visual merchandisers	ok		Job Description Pay Range: $18.50 - $20.00 At The Home Depot Canada, we want you to feel valued and supported. The pay range you see represents base salary only. In addition, your total rewards may include: semi-annual bonuses tied to business performance; Deferred Profit-Sharing Program to assist with retirement savings; comprehensive paid benefits; a 15% discount on Home Depot stock purchases; and merit-based salary increases. We are committed to recognizing your efforts and supporting your gr	64101 62101 60020 64100 10012 72402 12102 62100 63101 13102 62021 94204 60010 63102 33103 65109 63201 14401 73200 75119
jobillico:17486709	jobillico	Regina	Overnight freight associate part time - 7052 regina	75119	Other trades helpers and labourers	ok		Job Description Are you someone who thrives on helping others succeed, enjoys making an impact, and takes pride in guiding customers to the right solutions for their projects? If you’re also naturally curious and eager to keep learning, consider starting or growing your career with us at The Home Depot. Position Overview: Freight Team Associates are responsible for stocking merchandise, organizing the sales floor to create a pleasant and safe shopping environment, and providing customer service 	64101 75119 33102 65210 72423 63101 65211 65101 13101 74202 64313 74201 65201 72603 14400 14404 44101 92023 70012 64312
jobillico:17100995	jobillico	Val-d'Or	Job Bank | Long Hole Driller - Production	83100	Underground production and development miners	ok		Procon est l'un des principaux entrepreneurs en développement minier en Amérique du Nord. Nous sommes spécialisés dans le développement de mines souterraines, l'exploitation minière par contrat, les excavations souterraines, le tunneling civil et les projets de construction liés à l'exploitation minière. Axée sur nos collaborateurs, notre culture d'entreprise repose sur les principes d'intégrité, d'innovation, de relations et de performance pour nos clients, nos partenaires commerciaux et les co	83100 73402 84100 21330 85110 14402 72103 72101 95104 82021 41321 75101 95100 75100 94107 94101 73400 83101 72021 95109
jobillico:17451123	jobillico	Alma	Quality Inspector	22233	Construction inspectors	ok		Tu souhaites pouvoir t'accomplir dans une organisation multidisciplinaire et dynamique? Contribuer à la réussite du projet et te sentir chez toi dès ton premier jour en poste? N'attends plus et viens rencontrer le Groupe Alco-Tmi! NOUS OFFRONS: Salaire compétitif; 4 semaines de vacances dès l'embauche; Horaire de travail du lundi au vendredi de 6h50 à 15h05; Assurances collectives; Régime de REER/RPDB avec cotisation de l'employeur; Congés mobiles; Programme de reconnaissance; Vêtements corporat	94133 94104 14403 94143 22233 22111 14402 11109 12104 62101 12201 22231 12202 92011 12011 62010 52121 22303 21222 12102
jobillico:16940971	jobillico	Jonquière	Concrete Mixer Operator - Saguenay			fail	abstain	NOTRE ENGAGEMENT : Tu transporteras nos produits de haute qualité et innovateurs ; Tu participeras à l’élévation des fondations et des murs de ta ville ; Une meilleure conciliation travail-famille que celle de camionneur longue distance en étant à la maison à tous les jours ; Un emploi où tu pourras profiter des belles journées ensoleillées ; Une équipe unie où on y bâtit un avenir durable, solide comme du béton. VOTRE MISSION : Démontrer un engagement proactif en matière de santé, sécurité et e	73100 94103 75110 43204 73400 74205 72500 94100 75101 94219 72310 94111 72405 95100 72021 72603 94204 73301 72320 84100